Location,BSSID_Key_Value_Pairs,BSSID_JSON,AP_Count,Timestamp
AB1 Room 204,90:14:AF:5F:B1:10: 77% | FC:11:65:DF:CB:F0: 100% | FC:11:65:DF:CC:00: 92%,"{""90:14:AF:5F:B1:10"": {""signal"": ""77%"", ""frequency"": ""5 GHz"", ""channel"": ""149""}, ""FC:11:65:DF:CB:F0"": {""signal"": ""100%"", ""frequency"": ""2.4 GHz"", ""channel"": ""1""}, ""FC:11:65:DF:CC:00"": {""signal"": ""92%"", ""frequency"": ""5 GHz"", ""channel"": ""136""}}",3,2026-09-08 17:19:11
room 219,FC:11:65:DF:CB:F0: 100% | 90:14:AF:5F:B1:00: 100% | FC:11:65:DF:CC:00: 89% | FC:11:65:DE:E9:90: 84% | 90:14:AF:5F:BC:C0: 84% | FC:11:65:DF:84:30: 82% | 90:14:AF:5F:6D:00: 79% | 90:14:AF:5F:B1:10: 75% | 90:14:AF:5F:BC:D0: 72% | FC:11:65:DF:84:40: 67% | 90:14:AF:5F:6C:60: 64% | 90:14:AF:5F:6D:10: 64% | FC:11:65:DF:96:90: 60% | FC:11:65:DF:B1:90: 55% | 90:14:AF:5F:6A:E0: 54% | 90:14:AF:5F:6A:F0: 54% | 90:14:AF:5F:A0:C0: 50% | FC:11:65:DE:FC:90: 47% | 90:14:AF:5F:6C:70: 47% | FC:11:65:DF:B1:A0: 42% | 90:14:AF:5F:1F:20: 40% | 90:14:AF:5F:7C:B0: 40% | 90:14:AF:5F:A0:D0: 40% | 90:14:AF:5F:88:B0: 27% | 90:14:AF:5F:6C:10: 24% | 90:14:AF:5F:10:B0: 20% | 90:14:AF:5F:69:D0: 19% | 90:14:AF:5F:81:70: 17%,"{""FC:11:65:DF:CB:F0"": {""signal"": ""100%"", ""frequency"": ""2.4 GHz"", ""channel"": ""1""}, ""90:14:AF:5F:B1:00"": {""signal"": ""100%"", ""frequency"": ""2.4 GHz"", ""channel"": ""1""}, ""FC:11:65:DF:CC:00"": {""signal"": ""89%"", ""frequency"": ""5 GHz"", ""channel"": ""136""}, ""FC:11:65:DE:E9:90"": {""signal"": ""84%"", ""frequency"": ""2.4 GHz"", ""channel"": ""11""}, ""90:14:AF:5F:BC:C0"": {""signal"": ""84%"", ""frequency"": ""2.4 GHz"", ""channel"": ""11""}, ""FC:11:65:DF:84:30"": {""signal"": ""82%"", ""frequency"": ""2.4 GHz"", ""channel"": ""11""}, ""90:14:AF:5F:6D:00"": {""signal"": ""79%"", ""frequency"": ""2.4 GHz"", ""channel"": ""1""}, ""90:14:AF:5F:B1:10"": {""signal"": ""75%"", ""frequency"": ""5 GHz"", ""channel"": ""149""}, ""90:14:AF:5F:BC:D0"": {""signal"": ""72%"", ""frequency"": ""5 GHz"", ""channel"": ""108""}, ""FC:11:65:DF:84:40"": {""signal"": ""67%"", ""frequency"": ""5 GHz"", ""channel"": ""104""}, ""90:14:AF:5F:6C:60"": {""signal"": ""64%"", ""frequency"": ""2.4 GHz"", ""channel"": ""1""}, ""90:14:AF:5F:6D:10"": {""signal"": ""64%"", ""frequency"": ""5 GHz"", ""channel"": ""48""}, ""FC:11:65:DF:96:90"": {""signal"": ""60%"", ""frequency"": ""2.4 GHz"", ""channel"": ""6""}, ""FC:11:65:DF:B1:90"": {""signal"": ""55%"", ""frequency"": ""2.4 GHz"", ""channel"": ""1""}, ""90:14:AF:5F:6A:E0"": {""signal"": ""54%"", ""frequency"": ""2.4 GHz"", ""channel"": ""11""}, ""90:14:AF:5F:6A:F0"": {""signal"": ""54%"", ""frequency"": ""5 GHz"", ""channel"": ""100""}, ""90:14:AF:5F:A0:C0"": {""signal"": ""50%"", ""frequency"": ""2.4 GHz"", ""channel"": ""11""}, ""FC:11:65:DE:FC:90"": {""signal"": ""47%"", ""frequency"": ""2.4 GHz"", ""channel"": ""11""}, ""90:14:AF:5F:6C:70"": {""signal"": ""47%"", ""frequency"": ""5 GHz"", ""channel"": ""112""}, ""FC:11:65:DF:B1:A0"": {""signal"": ""42%"", ""frequency"": ""5 GHz"", ""channel"": ""112""}, ""90:14:AF:5F:1F:20"": {""signal"": ""40%"", ""frequency"": ""2.4 GHz"", ""channel"": ""1""}, ""90:14:AF:5F:7C:B0"": {""signal"": ""40%"", ""frequency"": ""5 GHz"", ""channel"": ""52""}, ""90:14:AF:5F:A0:D0"": {""signal"": ""40%"", ""frequency"": ""5 GHz"", ""channel"": ""153""}, ""90:14:AF:5F:88:B0"": {""signal"": ""27%"", ""frequency"": ""5 GHz"", ""channel"": ""60""}, ""90:14:AF:5F:6C:10"": {""signal"": ""24%"", ""frequency"": ""5 GHz"", ""channel"": ""161""}, ""90:14:AF:5F:10:B0"": {""signal"": ""20%"", ""frequency"": ""5 GHz"", ""channel"": ""108""}, ""90:14:AF:5F:69:D0"": {""signal"": ""19%"", ""frequency"": ""5 GHz"", ""channel"": ""40""}, ""90:14:AF:5F:81:70"": {""signal"": ""17%"", ""frequency"": ""5 GHz"", ""channel"": ""56""}}",28,2026-09-08 17:20:08
219a,FC:11:65:DF:CC:00: 84%,"{""FC:11:65:DF:CC:00"": {""signal"": ""84%"", ""frequency"": ""5 GHz"", ""channel"": ""136""}}",1,2026-09-08 17:29:21
219,90:14:AF:5F:B1:10: 94% | FC:11:65:DF:CC:00: 85% | FC:11:65:DE:E9:90: 81% | 90:14:AF:5F:BC:C0: 80% | 90:14:AF:5F:6D:10: 79% | FC:11:65:DE:E9:A0: 75% | FC:11:65:DE:FC:90: 57% | 90:14:AF:5F:6C:60: 39% | 90:14:AF:5F:A0:D0: 36% | 90:14:AF:5F:A0:C0: 33% | FC:11:65:DE:FC:A0: 33%,"{""90:14:AF:5F:B1:10"": {""signal"": ""94%"", ""frequency"": ""5 GHz"", ""channel"": ""149""}, ""FC:11:65:DF:CC:00"": {""signal"": ""85%"", ""frequency"": ""5 GHz"", ""channel"": ""136""}, ""FC:11:65:DE:E9:90"": {""signal"": ""81%"", ""frequency"": ""2.4 GHz"", ""channel"": ""11""}, ""90:14:AF:5F:BC:C0"": {""signal"": ""80%"", ""frequency"": ""2.4 GHz"", ""channel"": ""11""}, ""90:14:AF:5F:6D:10"": {""signal"": ""79%"", ""frequency"": ""5 GHz"", ""channel"": ""48""}, ""FC:11:65:DE:E9:A0"": {""signal"": ""75%"", ""frequency"": ""5 GHz"", ""channel"": ""36""}, ""FC:11:65:DE:FC:90"": {""signal"": ""57%"", ""frequency"": ""2.4 GHz"", ""channel"": ""11""}, ""90:14:AF:5F:6C:60"": {""signal"": ""39%"", ""frequency"": ""2.4 GHz"", ""channel"": ""1""}, ""90:14:AF:5F:A0:D0"": {""signal"": ""36%"", ""frequency"": ""5 GHz"", ""channel"": ""153""}, ""90:14:AF:5F:A0:C0"": {""signal"": ""33%"", ""frequency"": ""2.4 GHz"", ""channel"": ""11""}, ""FC:11:65:DE:FC:A0"": {""signal"": ""33%"", ""frequency"": ""5 GHz"", ""channel"": ""44""}}",11,2026-09-08 17:31:07
219c,90:14:AF:5F:B1:10: 95% | FC:11:65:DF:CB:F0: 95% | 90:14:AF:5F:B1:00: 95% | FC:11:65:DF:CC:00: 87% | FC:11:65:DF:84:30: 83% | FC:11:65:DF:84:40: 80% | 90:14:AF:5F:6D:00: 80% | 90:14:AF:5F:6D:10: 79% | 90:14:AF:5F:BC:D0: 79% | FC:11:65:DE:E9:A0: 75% | FC:11:65:DF:B1:A0: 30% | 90:14:AF:5F:6A:10: 27% | 90:14:AF:5F:69:D0: 15% | 90:14:AF:5F:94:F0: 12% | 90:14:AF:5F:6C:10: 12%,"{""90:14:AF:5F:B1:10"": {""signal"": ""95%"", ""frequency"": ""5 GHz"", ""channel"": ""149""}, ""FC:11:65:DF:CB:F0"": {""signal"": ""95%"", ""frequency"": ""2.4 GHz"", ""channel"": ""1""}, ""90:14:AF:5F:B1:00"": {""signal"": ""95%"", ""frequency"": ""2.4 GHz"", ""channel"": ""1""}, ""FC:11:65:DF:CC:00"": {""signal"": ""87%"", ""frequency"": ""5 GHz"", ""channel"": ""136""}, ""FC:11:65:DF:84:30"": {""signal"": ""83%"", ""frequency"": ""2.4 GHz"", ""channel"": ""11""}, ""FC:11:65:DF:84:40"": {""signal"": ""80%"", ""frequency"": ""5 GHz"", ""channel"": ""104""}, ""90:14:AF:5F:6D:00"": {""signal"": ""80%"", ""frequency"": ""2.4 GHz"", ""channel"": ""1""}, ""90:14:AF:5F:6D:10"": {""signal"": ""79%"", ""frequency"": ""5 GHz"", ""channel"": ""48""}, ""90:14:AF:5F:BC:D0"": {""signal"": ""79%"", ""frequency"": ""5 GHz"", ""channel"": ""108""}, ""FC:11:65:DE:E9:A0"": {""signal"": ""75%"", ""frequency"": ""5 GHz"", ""channel"": ""36""}, ""FC:11:65:DF:B1:A0"": {""signal"": ""30%"", ""frequency"": ""5 GHz"", ""channel"": ""112""}, ""90:14:AF:5F:6A:10"": {""signal"": ""27%"", ""frequency"": ""5 GHz"", ""channel"": ""136""}, ""90:14:AF:5F:69:D0"": {""signal"": ""15%"", ""frequency"": ""5 GHz"", ""channel"": ""64""}, ""90:14:AF:5F:94:F0"": {""signal"": ""12%"", ""frequency"": ""5 GHz"", ""channel"": ""117 (45 %)""}, ""90:14:AF:5F:6C:10"": {""signal"": ""12%"", ""frequency"": ""5 GHz"", ""channel"": ""161""}}",15,2026-09-08 17:34:03
BETWEEN 211-210,90:14:AF:5F:A0:C0: 89% | FC:11:65:DF:B1:90: 89% | 90:14:AF:5F:A0:D0: 88% | 90:14:AF:5F:6C:60: 83% | FC:11:65:DF:96:90: 83% | 90:14:AF:5F:6C:70: 82% | FC:11:65:DE:E9:90: 82% | 90:14:AF:5F:6A:10: 80% | 90:14:AF:5F:1F:30: 80% | 90:14:AF:5F:81:70: 80% | FC:11:65:DF:84:40: 80% | FC:11:65:DF:96:A0: 79% | 90:14:AF:5F:88:A0: 79% | 90:14:AF:5F:1F:20: 79% | 90:14:AF:5F:6A:00: 79% | 90:14:AF:5F:6C:10: 79% | 90:14:AF:5F:84:C0: 78% | 90:14:AF:5F:6C:00: 77% | 90:14:AF:5F:6A:F0: 77% | 90:14:AF:5F:84:D0: 77% | 90:14:AF:5F:10:B0: 77% | 90:14:AF:5F:BB:70: 76% | 90:14:AF:5F:94:F0: 76% | FC:11:65:DE:E9:A0: 75% | 90:14:AF:5F:B1:10: 72% | 90:14:AF:5E:EB:E0: 72% | 90:14:AF:5F:69:D0: 72% | 90:14:AF:5F:7C:B0: 72% | 90:14:AF:5F:10:A0: 69% | FC:11:65:DF:CC:00: 66% | FC:11:65:DF:6E:90: 63% | 90:14:AF:5F:97:10: 63% | 90:14:AF:5F:88:90: 60% | 90:14:AF:5F:6D:10: 57% | 90:14:AF:5E:EB:F0: 48% | 90:14:AF:5F:6D:20: 48% | 90:14:AF:5F:88:80: 48% | 90:14:AF:5F:6D:30: 45% | 90:14:AF:5F:B6:30: 36% | FC:11:65:DF:B1:A0: 30% | 90:14:AF:5E:E3:F0: 21% | 90:14:AF:5E:E4:D0: 18% | 90:14:AF:5F:7F:F0: 0%,"{""90:14:AF:5F:A0:C0"": {""signal"": ""89%"", ""frequency"": ""2.4 GHz"", ""channel"": ""11""}, ""FC:11:65:DF:B1:90"": {""signal"": ""89%"", ""frequency"": ""2.4 GHz"", ""channel"": ""1""}, ""90:14:AF:5F:A0:D0"": {""signal"": ""88%"", ""frequency"": ""5 GHz"", ""channel"": ""153""}, ""90:14:AF:5F:6C:60"": {""signal"": ""83%"", ""frequency"": ""2.4 GHz"", ""channel"": ""1""}, ""FC:11:65:DF:96:90"": {""signal"": ""83%"", ""frequency"": ""2.4 GHz"", ""channel"": ""6""}, ""90:14:AF:5F:6C:70"": {""signal"": ""82%"", ""frequency"": ""5 GHz"", ""channel"": ""112""}, ""FC:11:65:DE:E9:90"": {""signal"": ""82%"", ""frequency"": ""2.4 GHz"", ""channel"": ""11""}, ""90:14:AF:5F:6A:10"": {""signal"": ""80%"", ""frequency"": ""5 GHz"", ""channel"": ""136""}, ""90:14:AF:5F:1F:30"": {""signal"": ""80%"", ""frequency"": ""5 GHz"", ""channel"": ""132""}, ""90:14:AF:5F:81:70"": {""signal"": ""80%"", ""frequency"": ""5 GHz"", ""channel"": ""56""}, ""FC:11:65:DF:84:40"": {""signal"": ""80%"", ""frequency"": ""5 GHz"", ""channel"": ""104""}, ""FC:11:65:DF:96:A0"": {""signal"": ""79%"", ""frequency"": ""5 GHz"", ""channel"": ""132""}, ""90:14:AF:5F:88:A0"": {""signal"": ""79%"", ""frequency"": ""2.4 GHz"", ""channel"": ""6""}, ""90:14:AF:5F:1F:20"": {""signal"": ""79%"", ""frequency"": ""2.4 GHz"", ""channel"": ""1""}, ""90:14:AF:5F:6A:00"": {""signal"": ""79%"", ""frequency"": ""2.4 GHz"", ""channel"": ""6""}, ""90:14:AF:5F:6C:10"": {""signal"": ""79%"", ""frequency"": ""5 GHz"", ""channel"": ""161""}, ""90:14:AF:5F:84:C0"": {""signal"": ""78%"", ""frequency"": ""2.4 GHz"", ""channel"": ""6""}, ""90:14:AF:5F:6C:00"": {""signal"": ""77%"", ""frequency"": ""2.4 GHz"", ""channel"": ""6""}, ""90:14:AF:5F:6A:F0"": {""signal"": ""77%"", ""frequency"": ""5 GHz"", ""channel"": ""100""}, ""90:14:AF:5F:84:D0"": {""signal"": ""77%"", ""frequency"": ""5 GHz"", ""channel"": ""48""}, ""90:14:AF:5F:10:B0"": {""signal"": ""77%"", ""frequency"": ""5 GHz"", ""channel"": ""108""}, ""90:14:AF:5F:BB:70"": {""signal"": ""76%"", ""frequency"": ""5 GHz"", ""channel"": ""149""}, ""90:14:AF:5F:94:F0"": {""signal"": ""76%"", ""frequency"": ""5 GHz"", ""channel"": ""115 (45 %)""}, ""FC:11:65:DE:E9:A0"": {""signal"": ""75%"", ""frequency"": ""5 GHz"", ""channel"": ""36""}, ""90:14:AF:5F:B1:10"": {""signal"": ""72%"", ""frequency"": ""5 GHz"", ""channel"": ""149""}, ""90:14:AF:5E:EB:E0"": {""signal"": ""72%"", ""frequency"": ""2.4 GHz"", ""channel"": ""1""}, ""90:14:AF:5F:69:D0"": {""signal"": ""72%"", ""frequency"": ""5 GHz"", ""channel"": ""64""}, ""90:14:AF:5F:7C:B0"": {""signal"": ""72%"", ""frequency"": ""5 GHz"", ""channel"": ""52""}, ""90:14:AF:5F:10:A0"": {""signal"": ""69%"", ""frequency"": ""2.4 GHz"", ""channel"": ""6""}, ""FC:11:65:DF:CC:00"": {""signal"": ""66%"", ""frequency"": ""5 GHz"", ""channel"": ""136""}, ""FC:11:65:DF:6E:90"": {""signal"": ""63%"", ""frequency"": ""2.4 GHz"", ""channel"": ""6""}, ""90:14:AF:5F:97:10"": {""signal"": ""63%"", ""frequency"": ""5 GHz"", ""channel"": ""112""}, ""90:14:AF:5F:88:90"": {""signal"": ""60%"", ""frequency"": ""5 GHz"", ""channel"": ""104""}, ""90:14:AF:5F:6D:10"": {""signal"": ""57%"", ""frequency"": ""5 GHz"", ""channel"": ""48""}, ""90:14:AF:5E:EB:F0"": {""signal"": ""48%"", ""frequency"": ""5 GHz"", ""channel"": ""132""}, ""90:14:AF:5F:6D:20"": {""signal"": ""48%"", ""frequency"": ""2.4 GHz"", ""channel"": ""1""}, ""90:14:AF:5F:88:80"": {""signal"": ""48%"", ""frequency"": ""2.4 GHz"", ""channel"": ""6""}, ""90:14:AF:5F:6D:30"": {""signal"": ""45%"", ""frequency"": ""5 GHz"", ""channel"": ""36""}, ""90:14:AF:5F:B6:30"": {""signal"": ""36%"", ""frequency"": ""5 GHz"", ""channel"": ""100""}, ""FC:11:65:DF:B1:A0"": {""signal"": ""30%"", ""frequency"": ""5 GHz"", ""channel"": ""112""}, ""90:14:AF:5E:E3:F0"": {""signal"": ""21%"", ""frequency"": ""5 GHz"", ""channel"": ""100""}, ""90:14:AF:5E:E4:D0"": {""signal"": ""18%"", ""frequency"": ""5 GHz"", ""channel"": ""52""}, ""90:14:AF:5F:7F:F0"": {""signal"": ""0%"", ""frequency"": ""5 GHz"", ""channel"": ""64""}}",43,2026-09-08 17:35:56
BETWEEN 210-211 B,90:14:AF:5F:A0:C0: 89% | FC:11:65:DF:B1:90: 89% | 90:14:AF:5F:A0:D0: 88% | 90:14:AF:5F:6C:60: 83% | FC:11:65:DF:96:90: 83% | 90:14:AF:5F:6C:70: 82% | FC:11:65:DE:E9:90: 82% | 90:14:AF:5F:6A:10: 80% | 90:14:AF:5F:1F:30: 80% | 90:14:AF:5F:81:70: 80% | FC:11:65:DF:84:40: 80% | FC:11:65:DF:96:A0: 79% | 90:14:AF:5F:88:A0: 79% | 90:14:AF:5F:1F:20: 79% | 90:14:AF:5F:6A:00: 79% | 90:14:AF:5F:6C:10: 79% | 90:14:AF:5F:84:C0: 78% | 90:14:AF:5F:6C:00: 77% | 90:14:AF:5F:6A:F0: 77% | 90:14:AF:5F:84:D0: 77% | 90:14:AF:5F:10:B0: 77% | 90:14:AF:5F:BB:70: 76% | 90:14:AF:5F:94:F0: 76% | FC:11:65:DE:E9:A0: 75% | 90:14:AF:5F:B1:10: 72% | 90:14:AF:5E:EB:E0: 72% | 90:14:AF:5F:69:D0: 72% | 90:14:AF:5F:7C:B0: 72% | 90:14:AF:5F:10:A0: 69% | FC:11:65:DF:CC:00: 66% | FC:11:65:DF:6E:90: 63% | 90:14:AF:5F:97:10: 63% | 90:14:AF:5F:88:90: 60% | 90:14:AF:5F:6D:10: 57% | 90:14:AF:5E:EB:F0: 48% | 90:14:AF:5F:6D:20: 48% | 90:14:AF:5F:88:80: 48% | 90:14:AF:5F:6D:30: 45% | 90:14:AF:5F:B6:30: 36% | FC:11:65:DF:B1:A0: 30% | 90:14:AF:5E:E3:F0: 21% | 90:14:AF:5E:E4:D0: 18% | 90:14:AF:5F:7F:F0: 0%,"{""90:14:AF:5F:A0:C0"": {""signal"": ""89%"", ""frequency"": ""2.4 GHz"", ""channel"": ""11""}, ""FC:11:65:DF:B1:90"": {""signal"": ""89%"", ""frequency"": ""2.4 GHz"", ""channel"": ""1""}, ""90:14:AF:5F:A0:D0"": {""signal"": ""88%"", ""frequency"": ""5 GHz"", ""channel"": ""153""}, ""90:14:AF:5F:6C:60"": {""signal"": ""83%"", ""frequency"": ""2.4 GHz"", ""channel"": ""1""}, ""FC:11:65:DF:96:90"": {""signal"": ""83%"", ""frequency"": ""2.4 GHz"", ""channel"": ""6""}, ""90:14:AF:5F:6C:70"": {""signal"": ""82%"", ""frequency"": ""5 GHz"", ""channel"": ""112""}, ""FC:11:65:DE:E9:90"": {""signal"": ""82%"", ""frequency"": ""2.4 GHz"", ""channel"": ""11""}, ""90:14:AF:5F:6A:10"": {""signal"": ""80%"", ""frequency"": ""5 GHz"", ""channel"": ""136""}, ""90:14:AF:5F:1F:30"": {""signal"": ""80%"", ""frequency"": ""5 GHz"", ""channel"": ""132""}, ""90:14:AF:5F:81:70"": {""signal"": ""80%"", ""frequency"": ""5 GHz"", ""channel"": ""56""}, ""FC:11:65:DF:84:40"": {""signal"": ""80%"", ""frequency"": ""5 GHz"", ""channel"": ""104""}, ""FC:11:65:DF:96:A0"": {""signal"": ""79%"", ""frequency"": ""5 GHz"", ""channel"": ""132""}, ""90:14:AF:5F:88:A0"": {""signal"": ""79%"", ""frequency"": ""2.4 GHz"", ""channel"": ""6""}, ""90:14:AF:5F:1F:20"": {""signal"": ""79%"", ""frequency"": ""2.4 GHz"", ""channel"": ""1""}, ""90:14:AF:5F:6A:00"": {""signal"": ""79%"", ""frequency"": ""2.4 GHz"", ""channel"": ""6""}, ""90:14:AF:5F:6C:10"": {""signal"": ""79%"", ""frequency"": ""5 GHz"", ""channel"": ""161""}, ""90:14:AF:5F:84:C0"": {""signal"": ""78%"", ""frequency"": ""2.4 GHz"", ""channel"": ""6""}, ""90:14:AF:5F:6C:00"": {""signal"": ""77%"", ""frequency"": ""2.4 GHz"", ""channel"": ""6""}, ""90:14:AF:5F:6A:F0"": {""signal"": ""77%"", ""frequency"": ""5 GHz"", ""channel"": ""100""}, ""90:14:AF:5F:84:D0"": {""signal"": ""77%"", ""frequency"": ""5 GHz"", ""channel"": ""48""}, ""90:14:AF:5F:10:B0"": {""signal"": ""77%"", ""frequency"": ""5 GHz"", ""channel"": ""108""}, ""90:14:AF:5F:BB:70"": {""signal"": ""76%"", ""frequency"": ""5 GHz"", ""channel"": ""149""}, ""90:14:AF:5F:94:F0"": {""signal"": ""76%"", ""frequency"": ""5 GHz"", ""channel"": ""115 (45 %)""}, ""FC:11:65:DE:E9:A0"": {""signal"": ""75%"", ""frequency"": ""5 GHz"", ""channel"": ""36""}, ""90:14:AF:5F:B1:10"": {""signal"": ""72%"", ""frequency"": ""5 GHz"", ""channel"": ""149""}, ""90:14:AF:5E:EB:E0"": {""signal"": ""72%"", ""frequency"": ""2.4 GHz"", ""channel"": ""1""}, ""90:14:AF:5F:69:D0"": {""signal"": ""72%"", ""frequency"": ""5 GHz"", ""channel"": ""64""}, ""90:14:AF:5F:7C:B0"": {""signal"": ""72%"", ""frequency"": ""5 GHz"", ""channel"": ""52""}, ""90:14:AF:5F:10:A0"": {""signal"": ""69%"", ""frequency"": ""2.4 GHz"", ""channel"": ""6""}, ""FC:11:65:DF:CC:00"": {""signal"": ""66%"", ""frequency"": ""5 GHz"", ""channel"": ""136""}, ""FC:11:65:DF:6E:90"": {""signal"": ""63%"", ""frequency"": ""2.4 GHz"", ""channel"": ""6""}, ""90:14:AF:5F:97:10"": {""signal"": ""63%"", ""frequency"": ""5 GHz"", ""channel"": ""112""}, ""90:14:AF:5F:88:90"": {""signal"": ""60%"", ""frequency"": ""5 GHz"", ""channel"": ""104""}, ""90:14:AF:5F:6D:10"": {""signal"": ""57%"", ""frequency"": ""5 GHz"", ""channel"": ""48""}, ""90:14:AF:5E:EB:F0"": {""signal"": ""48%"", ""frequency"": ""5 GHz"", ""channel"": ""132""}, ""90:14:AF:5F:6D:20"": {""signal"": ""48%"", ""frequency"": ""2.4 GHz"", ""channel"": ""1""}, ""90:14:AF:5F:88:80"": {""signal"": ""48%"", ""frequency"": ""2.4 GHz"", ""channel"": ""6""}, ""90:14:AF:5F:6D:30"": {""signal"": ""45%"", ""frequency"": ""5 GHz"", ""channel"": ""36""}, ""90:14:AF:5F:B6:30"": {""signal"": ""36%"", ""frequency"": ""5 GHz"", ""channel"": ""100""}, ""FC:11:65:DF:B1:A0"": {""signal"": ""30%"", ""frequency"": ""5 GHz"", ""channel"": ""112""}, ""90:14:AF:5E:E3:F0"": {""signal"": ""21%"", ""frequency"": ""5 GHz"", ""channel"": ""100""}, ""90:14:AF:5E:E4:D0"": {""signal"": ""18%"", ""frequency"": ""5 GHz"", ""channel"": ""52""}, ""90:14:AF:5F:7F:F0"": {""signal"": ""0%"", ""frequency"": ""5 GHz"", ""channel"": ""64""}}",43,2026-09-08 17:36:07
BETWEEN 210-212,90:14:AF:5E:EB:E0: 91% | FC:11:65:DF:B1:90: 87% | 90:14:AF:5E:E3:E0: 86% | 90:14:AF:5F:B2:00: 85% | 90:14:AF:5E:EB:F0: 85% | 90:14:AF:5F:B2:10: 85% | 90:14:AF:5F:6A:E0: 84% | 90:14:AF:5F:6A:F0: 83% | FC:11:65:DF:6E:90: 82% | 90:14:AF:5E:E3:F0: 81% | FC:11:65:DF:6E:A0: 80% | FC:11:65:DE:FC:90: 79% | FC:11:65:DF:B1:A0: 79% | B4:A2:5C:A1:DB:00: 79% | 90:14:AF:5F:B6:30: 78% | 90:14:AF:5F:80:10: 77% | 90:14:AF:5F:76:80: 77% | 90:14:AF:5F:B6:20: 76% | 90:14:AF:5E:E4:C0: 76% | 90:14:AF:5F:76:90: 76% | 90:14:AF:5F:1F:20: 76% | 90:14:AF:5F:9B:C0: 76% | 90:14:AF:5F:6A:00: 75% | 90:14:AF:5F:6C:60: 75% | FC:11:65:DF:84:30: 72% | 90:14:AF:5E:D9:60: 72% | FC:11:65:DE:FA:10: 72% | 90:14:AF:5F:81:60: 72% | 90:14:AF:5F:9B:D0: 72% | FC:11:65:DF:96:90: 69% | FC:11:65:DE:FC:A0: 69% | 90:14:AF:5E:E4:D0: 69% | 90:14:AF:5F:84:C0: 66% | 90:14:AF:5E:D9:70: 66% | 90:14:AF:5F:6D:20: 66% | 90:14:AF:5F:6D:30: 63% | FC:11:65:DF:CB:F0: 63% | 90:14:AF:5F:BB:60: 60% | 90:14:AF:5F:8E:70: 60% | 90:14:AF:5E:EB:B0: 60% | 90:14:AF:5F:A0:C0: 60% | 90:14:AF:5F:BC:D0: 60% | 90:14:AF:5F:BB:70: 60% | FC:11:65:DE:FA:20: 57% | 90:14:AF:5F:1F:30: 57% | 90:14:AF:5F:81:70: 57% | 90:14:AF:5F:A0:D0: 54% | 90:14:AF:5F:6C:00: 54% | 90:14:AF:5F:94:F0: 54% | FC:11:65:DE:E9:A0: 54% | 90:14:AF:5F:6D:00: 54% | 90:14:AF:5F:94:E0: 48% | 90:14:AF:5F:10:A0: 48% | B4:A2:5C:A1:DB:10: 45% | FC:11:65:DF:84:40: 42% | 90:14:AF:5F:10:B0: 39% | 90:14:AF:5F:7C:B0: 36% | 90:14:AF:5F:9D:90: 36% | 90:14:AF:5F:88:B0: 33% | 90:14:AF:5F:B1:10: 33% | 90:14:AF:5F:6A:10: 33% | 90:14:AF:5F:BB:F0: 33% | 90:14:AF:5F:69:D0: 30% | 90:14:AF:5F:6D:10: 30% | 90:14:AF:5F:AF:B0: 27% | 90:14:AF:5F:6C:70: 27% | 90:14:AF:5F:C5:10: 27% | 90:14:AF:5F:07:F0: 24% | 90:14:AF:5F:84:D0: 24% | 90:14:AF:5E:F7:B0: 24% | 90:14:AF:5F:15:70: 21% | FC:11:65:DF:96:A0: 21% | 90:14:AF:5F:9A:D0: 18% | 90:14:AF:5F:6C:10: 18% | 90:14:AF:5E:F5:D0: 12% | FC:11:65:DF:CC:C0: 6%,"{""90:14:AF:5E:EB:E0"": {""signal"": ""91%"", ""frequency"": ""2.4 GHz"", ""channel"": ""1""}, ""FC:11:65:DF:B1:90"": {""signal"": ""87%"", ""frequency"": ""2.4 GHz"", ""channel"": ""1""}, ""90:14:AF:5E:E3:E0"": {""signal"": ""86%"", ""frequency"": ""2.4 GHz"", ""channel"": ""1""}, ""90:14:AF:5F:B2:00"": {""signal"": ""85%"", ""frequency"": ""2.4 GHz"", ""channel"": ""11""}, ""90:14:AF:5E:EB:F0"": {""signal"": ""85%"", ""frequency"": ""5 GHz"", ""channel"": ""132""}, ""90:14:AF:5F:B2:10"": {""signal"": ""85%"", ""frequency"": ""5 GHz"", ""channel"": ""112""}, ""90:14:AF:5F:6A:E0"": {""signal"": ""84%"", ""frequency"": ""2.4 GHz"", ""channel"": ""11""}, ""90:14:AF:5F:6A:F0"": {""signal"": ""83%"", ""frequency"": ""5 GHz"", ""channel"": ""100""}, ""FC:11:65:DF:6E:90"": {""signal"": ""82%"", ""frequency"": ""2.4 GHz"", ""channel"": ""6""}, ""90:14:AF:5E:E3:F0"": {""signal"": ""81%"", ""frequency"": ""5 GHz"", ""channel"": ""100""}, ""FC:11:65:DF:6E:A0"": {""signal"": ""80%"", ""frequency"": ""5 GHz"", ""channel"": ""104""}, ""FC:11:65:DE:FC:90"": {""signal"": ""79%"", ""frequency"": ""2.4 GHz"", ""channel"": ""11""}, ""FC:11:65:DF:B1:A0"": {""signal"": ""79%"", ""frequency"": ""5 GHz"", ""channel"": ""112""}, ""B4:A2:5C:A1:DB:00"": {""signal"": ""79%"", ""frequency"": ""2.4 GHz"", ""channel"": ""11""}, ""90:14:AF:5F:B6:30"": {""signal"": ""78%"", ""frequency"": ""5 GHz"", ""channel"": ""100""}, ""90:14:AF:5F:80:10"": {""signal"": ""77%"", ""frequency"": ""5 GHz"", ""channel"": ""112""}, ""90:14:AF:5F:76:80"": {""signal"": ""77%"", ""frequency"": ""2.4 GHz"", ""channel"": ""1""}, ""90:14:AF:5F:B6:20"": {""signal"": ""76%"", ""frequency"": ""2.4 GHz"", ""channel"": ""6""}, ""90:14:AF:5E:E4:C0"": {""signal"": ""76%"", ""frequency"": ""2.4 GHz"", ""channel"": ""6""}, ""90:14:AF:5F:76:90"": {""signal"": ""76%"", ""frequency"": ""5 GHz"", ""channel"": ""161""}, ""90:14:AF:5F:1F:20"": {""signal"": ""76%"", ""frequency"": ""2.4 GHz"", ""channel"": ""1""}, ""90:14:AF:5F:9B:C0"": {""signal"": ""76%"", ""frequency"": ""2.4 GHz"", ""channel"": ""6""}, ""90:14:AF:5F:6A:00"": {""signal"": ""75%"", ""frequency"": ""2.4 GHz"", ""channel"": ""6""}, ""90:14:AF:5F:6C:60"": {""signal"": ""75%"", ""frequency"": ""2.4 GHz"", ""channel"": ""1""}, ""FC:11:65:DF:84:30"": {""signal"": ""72%"", ""frequency"": ""2.4 GHz"", ""channel"": ""11""}, ""90:14:AF:5E:D9:60"": {""signal"": ""72%"", ""frequency"": ""2.4 GHz"", ""channel"": ""6""}, ""FC:11:65:DE:FA:10"": {""signal"": ""72%"", ""frequency"": ""2.4 GHz"", ""channel"": ""1""}, ""90:14:AF:5F:81:60"": {""signal"": ""72%"", ""frequency"": ""2.4 GHz"", ""channel"": ""11""}, ""90:14:AF:5F:9B:D0"": {""signal"": ""72%"", ""frequency"": ""5 GHz"", ""channel"": ""48""}, ""FC:11:65:DF:96:90"": {""signal"": ""69%"", ""frequency"": ""2.4 GHz"", ""channel"": ""6""}, ""FC:11:65:DE:FC:A0"": {""signal"": ""69%"", ""frequency"": ""5 GHz"", ""channel"": ""64""}, ""90:14:AF:5E:E4:D0"": {""signal"": ""69%"", ""frequency"": ""5 GHz"", ""channel"": ""52""}, ""90:14:AF:5F:84:C0"": {""signal"": ""66%"", ""frequency"": ""2.4 GHz"", ""channel"": ""6""}, ""90:14:AF:5E:D9:70"": {""signal"": ""66%"", ""frequency"": ""5 GHz"", ""channel"": ""60""}, ""90:14:AF:5F:6D:20"": {""signal"": ""66%"", ""frequency"": ""2.4 GHz"", ""channel"": ""1""}, ""90:14:AF:5F:6D:30"": {""signal"": ""63%"", ""frequency"": ""5 GHz"", ""channel"": ""36""}, ""FC:11:65:DF:CB:F0"": {""signal"": ""63%"", ""frequency"": ""2.4 GHz"", ""channel"": ""1""}, ""90:14:AF:5F:BB:60"": {""signal"": ""60%"", ""frequency"": ""2.4 GHz"", ""channel"": ""11""}, ""90:14:AF:5F:8E:70"": {""signal"": ""60%"", ""frequency"": ""5 GHz"", ""channel"": ""60""}, ""90:14:AF:5E:EB:B0"": {""signal"": ""60%"", ""frequency"": ""5 GHz"", ""channel"": ""136""}, ""90:14:AF:5F:A0:C0"": {""signal"": ""60%"", ""frequency"": ""2.4 GHz"", ""channel"": ""11""}, ""90:14:AF:5F:BC:D0"": {""signal"": ""60%"", ""frequency"": ""5 GHz"", ""channel"": ""108""}, ""90:14:AF:5F:BB:70"": {""signal"": ""60%"", ""frequency"": ""5 GHz"", ""channel"": ""149""}, ""FC:11:65:DE:FA:20"": {""signal"": ""57%"", ""frequency"": ""5 GHz"", ""channel"": ""132""}, ""90:14:AF:5F:1F:30"": {""signal"": ""57%"", ""frequency"": ""5 GHz"", ""channel"": ""132""}, ""90:14:AF:5F:81:70"": {""signal"": ""57%"", ""frequency"": ""5 GHz"", ""channel"": ""56""}, ""90:14:AF:5F:A0:D0"": {""signal"": ""54%"", ""frequency"": ""5 GHz"", ""channel"": ""153""}, ""90:14:AF:5F:6C:00"": {""signal"": ""54%"", ""frequency"": ""2.4 GHz"", ""channel"": ""6""}, ""90:14:AF:5F:94:F0"": {""signal"": ""54%"", ""frequency"": ""5 GHz"", ""channel"": ""124 (48 %)""}, ""FC:11:65:DE:E9:A0"": {""signal"": ""54%"", ""frequency"": ""5 GHz"", ""channel"": ""36""}, ""90:14:AF:5F:6D:00"": {""signal"": ""54%"", ""frequency"": ""2.4 GHz"", ""channel"": ""1""}, ""90:14:AF:5F:94:E0"": {""signal"": ""48%"", ""frequency"": ""2.4 GHz"", ""channel"": ""104 (40 %)""}, ""90:14:AF:5F:10:A0"": {""signal"": ""48%"", ""frequency"": ""2.4 GHz"", ""channel"": ""6""}, ""B4:A2:5C:A1:DB:10"": {""signal"": ""45%"", ""frequency"": ""5 GHz"", ""channel"": ""157""}, ""FC:11:65:DF:84:40"": {""signal"": ""42%"", ""frequency"": ""5 GHz"", ""channel"": ""104""}, ""90:14:AF:5F:10:B0"": {""signal"": ""39%"", ""frequency"": ""5 GHz"", ""channel"": ""108""}, ""90:14:AF:5F:7C:B0"": {""signal"": ""36%"", ""frequency"": ""5 GHz"", ""channel"": ""52""}, ""90:14:AF:5F:9D:90"": {""signal"": ""36%"", ""frequency"": ""5 GHz"", ""channel"": ""153""}, ""90:14:AF:5F:88:B0"": {""signal"": ""33%"", ""frequency"": ""5 GHz"", ""channel"": ""60""}, ""90:14:AF:5F:B1:10"": {""signal"": ""33%"", ""frequency"": ""5 GHz"", ""channel"": ""149""}, ""90:14:AF:5F:6A:10"": {""signal"": ""33%"", ""frequency"": ""5 GHz"", ""channel"": ""136""}, ""90:14:AF:5F:BB:F0"": {""signal"": ""33%"", ""frequency"": ""5 GHz"", ""channel"": ""132""}, ""90:14:AF:5F:69:D0"": {""signal"": ""30%"", ""frequency"": ""5 GHz"", ""channel"": ""64""}, ""90:14:AF:5F:6D:10"": {""signal"": ""30%"", ""frequency"": ""5 GHz"", ""channel"": ""48""}, ""90:14:AF:5F:AF:B0"": {""signal"": ""27%"", ""frequency"": ""5 GHz"", ""channel"": ""149""}, ""90:14:AF:5F:6C:70"": {""signal"": ""27%"", ""frequency"": ""5 GHz"", ""channel"": ""112""}, ""90:14:AF:5F:C5:10"": {""signal"": ""27%"", ""frequency"": ""5 GHz"", ""channel"": ""136""}, ""90:14:AF:5F:07:F0"": {""signal"": ""24%"", ""frequency"": ""5 GHz"", ""channel"": ""136""}, ""90:14:AF:5F:84:D0"": {""signal"": ""24%"", ""frequency"": ""5 GHz"", ""channel"": ""48""}, ""90:14:AF:5E:F7:B0"": {""signal"": ""24%"", ""frequency"": ""5 GHz"", ""channel"": ""36""}, ""90:14:AF:5F:15:70"": {""signal"": ""21%"", ""frequency"": ""5 GHz"", ""channel"": ""64""}, ""FC:11:65:DF:96:A0"": {""signal"": ""21%"", ""frequency"": ""5 GHz"", ""channel"": ""132""}, ""90:14:AF:5F:9A:D0"": {""signal"": ""18%"", ""frequency"": ""5 GHz"", ""channel"": ""36""}, ""90:14:AF:5F:6C:10"": {""signal"": ""18%"", ""frequency"": ""5 GHz"", ""channel"": ""161""}, ""90:14:AF:5E:F5:D0"": {""signal"": ""12%"", ""frequency"": ""5 GHz"", ""channel"": ""48""}, ""FC:11:65:DF:CC:C0"": {""signal"": ""6%"", ""frequency"": ""5 GHz"", ""channel"": ""52""}}",76,2026-09-08 17:37:28
BETWEEN 210-212 B,90:14:AF:5E:EB:E0: 91% | FC:11:65:DF:B1:90: 87% | 90:14:AF:5E:E3:E0: 86% | 90:14:AF:5F:B2:00: 85% | 90:14:AF:5E:EB:F0: 85% | 90:14:AF:5F:B2:10: 85% | 90:14:AF:5F:6A:E0: 84% | 90:14:AF:5F:6A:F0: 83% | FC:11:65:DF:6E:90: 82% | 90:14:AF:5E:E3:F0: 81% | FC:11:65:DF:6E:A0: 80% | FC:11:65:DE:FC:90: 79% | FC:11:65:DF:B1:A0: 79% | B4:A2:5C:A1:DB:00: 79% | 90:14:AF:5F:B6:30: 78% | 90:14:AF:5F:80:10: 77% | 90:14:AF:5F:76:80: 77% | 90:14:AF:5F:B6:20: 76% | 90:14:AF:5E:E4:C0: 76% | 90:14:AF:5F:76:90: 76% | 90:14:AF:5F:1F:20: 76% | 90:14:AF:5F:9B:C0: 76% | 90:14:AF:5F:6A:00: 75% | 90:14:AF:5F:6C:60: 75% | FC:11:65:DF:84:30: 72% | 90:14:AF:5E:D9:60: 72% | FC:11:65:DE:FA:10: 72% | 90:14:AF:5F:81:60: 72% | 90:14:AF:5F:9B:D0: 72% | FC:11:65:DF:96:90: 69% | FC:11:65:DE:FC:A0: 69% | 90:14:AF:5E:E4:D0: 69% | 90:14:AF:5F:84:C0: 66% | 90:14:AF:5E:D9:70: 66% | 90:14:AF:5F:6D:20: 66% | 90:14:AF:5F:6D:30: 63% | FC:11:65:DF:CB:F0: 63% | 90:14:AF:5F:BB:60: 60% | 90:14:AF:5F:8E:70: 60% | 90:14:AF:5E:EB:B0: 60% | 90:14:AF:5F:A0:C0: 60% | 90:14:AF:5F:BC:D0: 60% | 90:14:AF:5F:BB:70: 60% | FC:11:65:DE:FA:20: 57% | 90:14:AF:5F:1F:30: 57% | 90:14:AF:5F:81:70: 57% | 90:14:AF:5F:A0:D0: 54% | 90:14:AF:5F:6C:00: 54% | 90:14:AF:5F:94:F0: 54% | FC:11:65:DE:E9:A0: 54% | 90:14:AF:5F:6D:00: 54% | 90:14:AF:5F:94:E0: 48% | 90:14:AF:5F:10:A0: 48% | B4:A2:5C:A1:DB:10: 45% | FC:11:65:DF:84:40: 42% | 90:14:AF:5F:10:B0: 39% | 90:14:AF:5F:7C:B0: 36% | 90:14:AF:5F:9D:90: 36% | 90:14:AF:5F:88:B0: 33% | 90:14:AF:5F:B1:10: 33% | 90:14:AF:5F:6A:10: 33% | 90:14:AF:5F:BB:F0: 33% | 90:14:AF:5F:69:D0: 30% | 90:14:AF:5F:6D:10: 30% | 90:14:AF:5F:AF:B0: 27% | 90:14:AF:5F:6C:70: 27% | 90:14:AF:5F:C5:10: 27% | 90:14:AF:5F:07:F0: 24% | 90:14:AF:5F:84:D0: 24% | 90:14:AF:5E:F7:B0: 24% | 90:14:AF:5F:15:70: 21% | FC:11:65:DF:96:A0: 21% | 90:14:AF:5F:9A:D0: 18% | 90:14:AF:5F:6C:10: 18% | 90:14:AF:5E:F5:D0: 12% | FC:11:65:DF:CC:C0: 6%,"{""90:14:AF:5E:EB:E0"": {""signal"": ""91%"", ""frequency"": ""2.4 GHz"", ""channel"": ""1""}, ""FC:11:65:DF:B1:90"": {""signal"": ""87%"", ""frequency"": ""2.4 GHz"", ""channel"": ""1""}, ""90:14:AF:5E:E3:E0"": {""signal"": ""86%"", ""frequency"": ""2.4 GHz"", ""channel"": ""1""}, ""90:14:AF:5F:B2:00"": {""signal"": ""85%"", ""frequency"": ""2.4 GHz"", ""channel"": ""11""}, ""90:14:AF:5E:EB:F0"": {""signal"": ""85%"", ""frequency"": ""5 GHz"", ""channel"": ""132""}, ""90:14:AF:5F:B2:10"": {""signal"": ""85%"", ""frequency"": ""5 GHz"", ""channel"": ""112""}, ""90:14:AF:5F:6A:E0"": {""signal"": ""84%"", ""frequency"": ""2.4 GHz"", ""channel"": ""11""}, ""90:14:AF:5F:6A:F0"": {""signal"": ""83%"", ""frequency"": ""5 GHz"", ""channel"": ""100""}, ""FC:11:65:DF:6E:90"": {""signal"": ""82%"", ""frequency"": ""2.4 GHz"", ""channel"": ""6""}, ""90:14:AF:5E:E3:F0"": {""signal"": ""81%"", ""frequency"": ""5 GHz"", ""channel"": ""100""}, ""FC:11:65:DF:6E:A0"": {""signal"": ""80%"", ""frequency"": ""5 GHz"", ""channel"": ""104""}, ""FC:11:65:DE:FC:90"": {""signal"": ""79%"", ""frequency"": ""2.4 GHz"", ""channel"": ""11""}, ""FC:11:65:DF:B1:A0"": {""signal"": ""79%"", ""frequency"": ""5 GHz"", ""channel"": ""112""}, ""B4:A2:5C:A1:DB:00"": {""signal"": ""79%"", ""frequency"": ""2.4 GHz"", ""channel"": ""11""}, ""90:14:AF:5F:B6:30"": {""signal"": ""78%"", ""frequency"": ""5 GHz"", ""channel"": ""100""}, ""90:14:AF:5F:80:10"": {""signal"": ""77%"", ""frequency"": ""5 GHz"", ""channel"": ""112""}, ""90:14:AF:5F:76:80"": {""signal"": ""77%"", ""frequency"": ""2.4 GHz"", ""channel"": ""1""}, ""90:14:AF:5F:B6:20"": {""signal"": ""76%"", ""frequency"": ""2.4 GHz"", ""channel"": ""6""}, ""90:14:AF:5E:E4:C0"": {""signal"": ""76%"", ""frequency"": ""2.4 GHz"", ""channel"": ""6""}, ""90:14:AF:5F:76:90"": {""signal"": ""76%"", ""frequency"": ""5 GHz"", ""channel"": ""161""}, ""90:14:AF:5F:1F:20"": {""signal"": ""76%"", ""frequency"": ""2.4 GHz"", ""channel"": ""1""}, ""90:14:AF:5F:9B:C0"": {""signal"": ""76%"", ""frequency"": ""2.4 GHz"", ""channel"": ""6""}, ""90:14:AF:5F:6A:00"": {""signal"": ""75%"", ""frequency"": ""2.4 GHz"", ""channel"": ""6""}, ""90:14:AF:5F:6C:60"": {""signal"": ""75%"", ""frequency"": ""2.4 GHz"", ""channel"": ""1""}, ""FC:11:65:DF:84:30"": {""signal"": ""72%"", ""frequency"": ""2.4 GHz"", ""channel"": ""11""}, ""90:14:AF:5E:D9:60"": {""signal"": ""72%"", ""frequency"": ""2.4 GHz"", ""channel"": ""6""}, ""FC:11:65:DE:FA:10"": {""signal"": ""72%"", ""frequency"": ""2.4 GHz"", ""channel"": ""1""}, ""90:14:AF:5F:81:60"": {""signal"": ""72%"", ""frequency"": ""2.4 GHz"", ""channel"": ""11""}, ""90:14:AF:5F:9B:D0"": {""signal"": ""72%"", ""frequency"": ""5 GHz"", ""channel"": ""48""}, ""FC:11:65:DF:96:90"": {""signal"": ""69%"", ""frequency"": ""2.4 GHz"", ""channel"": ""6""}, ""FC:11:65:DE:FC:A0"": {""signal"": ""69%"", ""frequency"": ""5 GHz"", ""channel"": ""64""}, ""90:14:AF:5E:E4:D0"": {""signal"": ""69%"", ""frequency"": ""5 GHz"", ""channel"": ""52""}, ""90:14:AF:5F:84:C0"": {""signal"": ""66%"", ""frequency"": ""2.4 GHz"", ""channel"": ""6""}, ""90:14:AF:5E:D9:70"": {""signal"": ""66%"", ""frequency"": ""5 GHz"", ""channel"": ""60""}, ""90:14:AF:5F:6D:20"": {""signal"": ""66%"", ""frequency"": ""2.4 GHz"", ""channel"": ""1""}, ""90:14:AF:5F:6D:30"": {""signal"": ""63%"", ""frequency"": ""5 GHz"", ""channel"": ""36""}, ""FC:11:65:DF:CB:F0"": {""signal"": ""63%"", ""frequency"": ""2.4 GHz"", ""channel"": ""1""}, ""90:14:AF:5F:BB:60"": {""signal"": ""60%"", ""frequency"": ""2.4 GHz"", ""channel"": ""11""}, ""90:14:AF:5F:8E:70"": {""signal"": ""60%"", ""frequency"": ""5 GHz"", ""channel"": ""60""}, ""90:14:AF:5E:EB:B0"": {""signal"": ""60%"", ""frequency"": ""5 GHz"", ""channel"": ""136""}, ""90:14:AF:5F:A0:C0"": {""signal"": ""60%"", ""frequency"": ""2.4 GHz"", ""channel"": ""11""}, ""90:14:AF:5F:BC:D0"": {""signal"": ""60%"", ""frequency"": ""5 GHz"", ""channel"": ""108""}, ""90:14:AF:5F:BB:70"": {""signal"": ""60%"", ""frequency"": ""5 GHz"", ""channel"": ""149""}, ""FC:11:65:DE:FA:20"": {""signal"": ""57%"", ""frequency"": ""5 GHz"", ""channel"": ""132""}, ""90:14:AF:5F:1F:30"": {""signal"": ""57%"", ""frequency"": ""5 GHz"", ""channel"": ""132""}, ""90:14:AF:5F:81:70"": {""signal"": ""57%"", ""frequency"": ""5 GHz"", ""channel"": ""56""}, ""90:14:AF:5F:A0:D0"": {""signal"": ""54%"", ""frequency"": ""5 GHz"", ""channel"": ""153""}, ""90:14:AF:5F:6C:00"": {""signal"": ""54%"", ""frequency"": ""2.4 GHz"", ""channel"": ""6""}, ""90:14:AF:5F:94:F0"": {""signal"": ""54%"", ""frequency"": ""5 GHz"", ""channel"": ""124 (48 %)""}, ""FC:11:65:DE:E9:A0"": {""signal"": ""54%"", ""frequency"": ""5 GHz"", ""channel"": ""36""}, ""90:14:AF:5F:6D:00"": {""signal"": ""54%"", ""frequency"": ""2.4 GHz"", ""channel"": ""1""}, ""90:14:AF:5F:94:E0"": {""signal"": ""48%"", ""frequency"": ""2.4 GHz"", ""channel"": ""104 (40 %)""}, ""90:14:AF:5F:10:A0"": {""signal"": ""48%"", ""frequency"": ""2.4 GHz"", ""channel"": ""6""}, ""B4:A2:5C:A1:DB:10"": {""signal"": ""45%"", ""frequency"": ""5 GHz"", ""channel"": ""157""}, ""FC:11:65:DF:84:40"": {""signal"": ""42%"", ""frequency"": ""5 GHz"", ""channel"": ""104""}, ""90:14:AF:5F:10:B0"": {""signal"": ""39%"", ""frequency"": ""5 GHz"", ""channel"": ""108""}, ""90:14:AF:5F:7C:B0"": {""signal"": ""36%"", ""frequency"": ""5 GHz"", ""channel"": ""52""}, ""90:14:AF:5F:9D:90"": {""signal"": ""36%"", ""frequency"": ""5 GHz"", ""channel"": ""153""}, ""90:14:AF:5F:88:B0"": {""signal"": ""33%"", ""frequency"": ""5 GHz"", ""channel"": ""60""}, ""90:14:AF:5F:B1:10"": {""signal"": ""33%"", ""frequency"": ""5 GHz"", ""channel"": ""149""}, ""90:14:AF:5F:6A:10"": {""signal"": ""33%"", ""frequency"": ""5 GHz"", ""channel"": ""136""}, ""90:14:AF:5F:BB:F0"": {""signal"": ""33%"", ""frequency"": ""5 GHz"", ""channel"": ""132""}, ""90:14:AF:5F:69:D0"": {""signal"": ""30%"", ""frequency"": ""5 GHz"", ""channel"": ""64""}, ""90:14:AF:5F:6D:10"": {""signal"": ""30%"", ""frequency"": ""5 GHz"", ""channel"": ""48""}, ""90:14:AF:5F:AF:B0"": {""signal"": ""27%"", ""frequency"": ""5 GHz"", ""channel"": ""149""}, ""90:14:AF:5F:6C:70"": {""signal"": ""27%"", ""frequency"": ""5 GHz"", ""channel"": ""112""}, ""90:14:AF:5F:C5:10"": {""signal"": ""27%"", ""frequency"": ""5 GHz"", ""channel"": ""136""}, ""90:14:AF:5F:07:F0"": {""signal"": ""24%"", ""frequency"": ""5 GHz"", ""channel"": ""136""}, ""90:14:AF:5F:84:D0"": {""signal"": ""24%"", ""frequency"": ""5 GHz"", ""channel"": ""48""}, ""90:14:AF:5E:F7:B0"": {""signal"": ""24%"", ""frequency"": ""5 GHz"", ""channel"": ""36""}, ""90:14:AF:5F:15:70"": {""signal"": ""21%"", ""frequency"": ""5 GHz"", ""channel"": ""64""}, ""FC:11:65:DF:96:A0"": {""signal"": ""21%"", ""frequency"": ""5 GHz"", ""channel"": ""132""}, ""90:14:AF:5F:9A:D0"": {""signal"": ""18%"", ""frequency"": ""5 GHz"", ""channel"": ""36""}, ""90:14:AF:5F:6C:10"": {""signal"": ""18%"", ""frequency"": ""5 GHz"", ""channel"": ""161""}, ""90:14:AF:5E:F5:D0"": {""signal"": ""12%"", ""frequency"": ""5 GHz"", ""channel"": ""48""}, ""FC:11:65:DF:CC:C0"": {""signal"": ""6%"", ""frequency"": ""5 GHz"", ""channel"": ""52""}}",76,2026-09-08 17:37:43
BETWEEN 212-209,90:14:AF:5F:B2:00: 87% | 90:14:AF:5F:B6:20: 86% | FC:11:65:DE:FC:90: 85% | 90:14:AF:5F:B2:10: 85% | FC:11:65:DF:6E:90: 84% | FC:11:65:DF:6E:A0: 82% | 90:14:AF:5F:B6:30: 82% | 90:14:AF:5E:E3:F0: 81% | 90:14:AF:5F:80:00: 79% | FC:11:65:DE:FA:10: 79% | B4:A2:5C:A1:DB:00: 79% | 90:14:AF:5E:EB:E0: 77% | FC:11:65:DE:FC:A0: 77% | FC:11:65:DF:B1:90: 77% | 90:14:AF:5E:E4:C0: 76% | 90:14:AF:5F:76:90: 76% | 90:14:AF:5F:9B:C0: 76% | 90:14:AF:5F:80:10: 75% | 90:14:AF:5E:E3:E0: 75% | 90:14:AF:5E:D9:60: 72% | 90:14:AF:5F:81:60: 72% | 90:14:AF:5F:6A:F0: 66% | FC:11:65:DE:FA:20: 66% | 90:14:AF:5F:6A:E0: 66% | 90:14:AF:5E:D9:70: 66% | 90:14:AF:5F:C5:10: 63% | 90:14:AF:5F:6C:60: 63% | 90:14:AF:5F:6D:30: 63% | 90:14:AF:5F:BB:60: 60% | 90:14:AF:5F:8E:70: 60% | 90:14:AF:5F:BB:70: 60% | FC:11:65:DF:A6:C0: 54% | 90:14:AF:5F:BC:D0: 54% | 90:14:AF:5F:A0:D0: 54% | 90:14:AF:5F:9B:D0: 51% | 90:14:AF:5F:AF:B0: 51% | 90:14:AF:5E:EB:A0: 51% | 90:14:AF:5F:81:70: 51% | 90:14:AF:5F:9D:90: 51% | FC:11:65:DF:79:A0: 45% | B4:A2:5C:A1:DB:10: 45% | FC:11:65:DF:B1:A0: 39% | 90:14:AF:5F:BB:F0: 36% | 90:14:AF:5F:7C:B0: 36% | 90:14:AF:5E:E4:D0: 33% | 90:14:AF:5F:88:B0: 33% | 90:14:AF:5E:F5:D0: 27% | 90:14:AF:5E:EB:B0: 27% | 90:14:AF:5E:F7:B0: 24% | 90:14:AF:5F:69:D0: 12% | FC:11:65:DF:CC:C0: 6%,"{""90:14:AF:5F:B2:00"": {""signal"": ""87%"", ""frequency"": ""2.4 GHz"", ""channel"": ""11""}, ""90:14:AF:5F:B6:20"": {""signal"": ""86%"", ""frequency"": ""2.4 GHz"", ""channel"": ""6""}, ""FC:11:65:DE:FC:90"": {""signal"": ""85%"", ""frequency"": ""2.4 GHz"", ""channel"": ""11""}, ""90:14:AF:5F:B2:10"": {""signal"": ""85%"", ""frequency"": ""5 GHz"", ""channel"": ""112""}, ""FC:11:65:DF:6E:90"": {""signal"": ""84%"", ""frequency"": ""2.4 GHz"", ""channel"": ""6""}, ""FC:11:65:DF:6E:A0"": {""signal"": ""82%"", ""frequency"": ""5 GHz"", ""channel"": ""104""}, ""90:14:AF:5F:B6:30"": {""signal"": ""82%"", ""frequency"": ""5 GHz"", ""channel"": ""100""}, ""90:14:AF:5E:E3:F0"": {""signal"": ""81%"", ""frequency"": ""5 GHz"", ""channel"": ""100""}, ""90:14:AF:5F:80:00"": {""signal"": ""79%"", ""frequency"": ""2.4 GHz"", ""channel"": ""11""}, ""FC:11:65:DE:FA:10"": {""signal"": ""79%"", ""frequency"": ""2.4 GHz"", ""channel"": ""1""}, ""B4:A2:5C:A1:DB:00"": {""signal"": ""79%"", ""frequency"": ""2.4 GHz"", ""channel"": ""11""}, ""90:14:AF:5E:EB:E0"": {""signal"": ""77%"", ""frequency"": ""2.4 GHz"", ""channel"": ""1""}, ""FC:11:65:DE:FC:A0"": {""signal"": ""77%"", ""frequency"": ""5 GHz"", ""channel"": ""64""}, ""FC:11:65:DF:B1:90"": {""signal"": ""77%"", ""frequency"": ""2.4 GHz"", ""channel"": ""1""}, ""90:14:AF:5E:E4:C0"": {""signal"": ""76%"", ""frequency"": ""2.4 GHz"", ""channel"": ""6""}, ""90:14:AF:5F:76:90"": {""signal"": ""76%"", ""frequency"": ""5 GHz"", ""channel"": ""161""}, ""90:14:AF:5F:9B:C0"": {""signal"": ""76%"", ""frequency"": ""2.4 GHz"", ""channel"": ""6""}, ""90:14:AF:5F:80:10"": {""signal"": ""75%"", ""frequency"": ""5 GHz"", ""channel"": ""112""}, ""90:14:AF:5E:E3:E0"": {""signal"": ""75%"", ""frequency"": ""2.4 GHz"", ""channel"": ""1""}, ""90:14:AF:5E:D9:60"": {""signal"": ""72%"", ""frequency"": ""2.4 GHz"", ""channel"": ""6""}, ""90:14:AF:5F:81:60"": {""signal"": ""72%"", ""frequency"": ""2.4 GHz"", ""channel"": ""11""}, ""90:14:AF:5F:6A:F0"": {""signal"": ""66%"", ""frequency"": ""5 GHz"", ""channel"": ""100""}, ""FC:11:65:DE:FA:20"": {""signal"": ""66%"", ""frequency"": ""5 GHz"", ""channel"": ""132""}, ""90:14:AF:5F:6A:E0"": {""signal"": ""66%"", ""frequency"": ""2.4 GHz"", ""channel"": ""11""}, ""90:14:AF:5E:D9:70"": {""signal"": ""66%"", ""frequency"": ""5 GHz"", ""channel"": ""60""}, ""90:14:AF:5F:C5:10"": {""signal"": ""63%"", ""frequency"": ""5 GHz"", ""channel"": ""136""}, ""90:14:AF:5F:6C:60"": {""signal"": ""63%"", ""frequency"": ""2.4 GHz"", ""channel"": ""1""}, ""90:14:AF:5F:6D:30"": {""signal"": ""63%"", ""frequency"": ""5 GHz"", ""channel"": ""36""}, ""90:14:AF:5F:BB:60"": {""signal"": ""60%"", ""frequency"": ""2.4 GHz"", ""channel"": ""11""}, ""90:14:AF:5F:8E:70"": {""signal"": ""60%"", ""frequency"": ""5 GHz"", ""channel"": ""60""}, ""90:14:AF:5F:BB:70"": {""signal"": ""60%"", ""frequency"": ""5 GHz"", ""channel"": ""149""}, ""FC:11:65:DF:A6:C0"": {""signal"": ""54%"", ""frequency"": ""5 GHz"", ""channel"": ""108""}, ""90:14:AF:5F:BC:D0"": {""signal"": ""54%"", ""frequency"": ""5 GHz"", ""channel"": ""108""}, ""90:14:AF:5F:A0:D0"": {""signal"": ""54%"", ""frequency"": ""5 GHz"", ""channel"": ""153""}, ""90:14:AF:5F:9B:D0"": {""signal"": ""51%"", ""frequency"": ""5 GHz"", ""channel"": ""48""}, ""90:14:AF:5F:AF:B0"": {""signal"": ""51%"", ""frequency"": ""5 GHz"", ""channel"": ""149""}, ""90:14:AF:5E:EB:A0"": {""signal"": ""51%"", ""frequency"": ""2.4 GHz"", ""channel"": ""1""}, ""90:14:AF:5F:81:70"": {""signal"": ""51%"", ""frequency"": ""5 GHz"", ""channel"": ""56""}, ""90:14:AF:5F:9D:90"": {""signal"": ""51%"", ""frequency"": ""5 GHz"", ""channel"": ""153""}, ""FC:11:65:DF:79:A0"": {""signal"": ""45%"", ""frequency"": ""5 GHz"", ""channel"": ""36""}, ""B4:A2:5C:A1:DB:10"": {""signal"": ""45%"", ""frequency"": ""5 GHz"", ""channel"": ""157""}, ""FC:11:65:DF:B1:A0"": {""signal"": ""39%"", ""frequency"": ""5 GHz"", ""channel"": ""112""}, ""90:14:AF:5F:BB:F0"": {""signal"": ""36%"", ""frequency"": ""5 GHz"", ""channel"": ""132""}, ""90:14:AF:5F:7C:B0"": {""signal"": ""36%"", ""frequency"": ""5 GHz"", ""channel"": ""52""}, ""90:14:AF:5E:E4:D0"": {""signal"": ""33%"", ""frequency"": ""5 GHz"", ""channel"": ""52""}, ""90:14:AF:5F:88:B0"": {""signal"": ""33%"", ""frequency"": ""5 GHz"", ""channel"": ""60""}, ""90:14:AF:5E:F5:D0"": {""signal"": ""27%"", ""frequency"": ""5 GHz"", ""channel"": ""48""}, ""90:14:AF:5E:EB:B0"": {""signal"": ""27%"", ""frequency"": ""5 GHz"", ""channel"": ""136""}, ""90:14:AF:5E:F7:B0"": {""signal"": ""24%"", ""frequency"": ""5 GHz"", ""channel"": ""36""}, ""90:14:AF:5F:69:D0"": {""signal"": ""12%"", ""frequency"": ""5 GHz"", ""channel"": ""64""}, ""FC:11:65:DF:CC:C0"": {""signal"": ""6%"", ""frequency"": ""5 GHz"", ""channel"": ""52""}}",51,2026-09-08 17:38:46
BETWEEN 212-209 B,90:14:AF:5F:B2:00: 87% | 90:14:AF:5F:B6:20: 86% | FC:11:65:DE:FC:90: 85% | FC:11:65:DF:6E:90: 84% | FC:11:65:DF:6E:A0: 82% | 90:14:AF:5F:B6:30: 82% | 90:14:AF:5F:80:00: 79% | FC:11:65:DE:FA:10: 79% | 90:14:AF:5E:EB:E0: 77% | FC:11:65:DE:FC:A0: 77% | FC:11:65:DF:B1:90: 77% | 90:14:AF:5F:80:10: 75% | 90:14:AF:5E:E3:E0: 75% | 90:14:AF:5F:6A:F0: 66% | FC:11:65:DE:FA:20: 66% | 90:14:AF:5F:6A:E0: 66% | 90:14:AF:5F:C5:10: 63% | 90:14:AF:5F:6C:60: 63% | FC:11:65:DF:A6:C0: 54% | 90:14:AF:5F:BC:D0: 54% | 90:14:AF:5F:9B:D0: 51% | 90:14:AF:5F:AF:B0: 51% | 90:14:AF:5E:EB:A0: 51% | 90:14:AF:5F:81:70: 51% | 90:14:AF:5F:9D:90: 51% | FC:11:65:DF:79:A0: 45% | FC:11:65:DF:B1:A0: 39% | 90:14:AF:5F:BB:F0: 36% | 90:14:AF:5E:E4:D0: 33% | 90:14:AF:5E:F5:D0: 27% | 90:14:AF:5E:EB:B0: 27% | 90:14:AF:5F:69:D0: 12% | FC:11:65:DF:CC:C0: 6%,"{""90:14:AF:5F:B2:00"": {""signal"": ""87%"", ""frequency"": ""2.4 GHz"", ""channel"": ""11""}, ""90:14:AF:5F:B6:20"": {""signal"": ""86%"", ""frequency"": ""2.4 GHz"", ""channel"": ""6""}, ""FC:11:65:DE:FC:90"": {""signal"": ""85%"", ""frequency"": ""2.4 GHz"", ""channel"": ""11""}, ""FC:11:65:DF:6E:90"": {""signal"": ""84%"", ""frequency"": ""2.4 GHz"", ""channel"": ""6""}, ""FC:11:65:DF:6E:A0"": {""signal"": ""82%"", ""frequency"": ""5 GHz"", ""channel"": ""104""}, ""90:14:AF:5F:B6:30"": {""signal"": ""82%"", ""frequency"": ""5 GHz"", ""channel"": ""100""}, ""90:14:AF:5F:80:00"": {""signal"": ""79%"", ""frequency"": ""2.4 GHz"", ""channel"": ""11""}, ""FC:11:65:DE:FA:10"": {""signal"": ""79%"", ""frequency"": ""2.4 GHz"", ""channel"": ""1""}, ""90:14:AF:5E:EB:E0"": {""signal"": ""77%"", ""frequency"": ""2.4 GHz"", ""channel"": ""1""}, ""FC:11:65:DE:FC:A0"": {""signal"": ""77%"", ""frequency"": ""5 GHz"", ""channel"": ""64""}, ""FC:11:65:DF:B1:90"": {""signal"": ""77%"", ""frequency"": ""2.4 GHz"", ""channel"": ""1""}, ""90:14:AF:5F:80:10"": {""signal"": ""75%"", ""frequency"": ""5 GHz"", ""channel"": ""112""}, ""90:14:AF:5E:E3:E0"": {""signal"": ""75%"", ""frequency"": ""2.4 GHz"", ""channel"": ""1""}, ""90:14:AF:5F:6A:F0"": {""signal"": ""66%"", ""frequency"": ""5 GHz"", ""channel"": ""100""}, ""FC:11:65:DE:FA:20"": {""signal"": ""66%"", ""frequency"": ""5 GHz"", ""channel"": ""132""}, ""90:14:AF:5F:6A:E0"": {""signal"": ""66%"", ""frequency"": ""2.4 GHz"", ""channel"": ""11""}, ""90:14:AF:5F:C5:10"": {""signal"": ""63%"", ""frequency"": ""5 GHz"", ""channel"": ""136""}, ""90:14:AF:5F:6C:60"": {""signal"": ""63%"", ""frequency"": ""2.4 GHz"", ""channel"": ""1""}, ""FC:11:65:DF:A6:C0"": {""signal"": ""54%"", ""frequency"": ""5 GHz"", ""channel"": ""108""}, ""90:14:AF:5F:BC:D0"": {""signal"": ""54%"", ""frequency"": ""5 GHz"", ""channel"": ""108""}, ""90:14:AF:5F:9B:D0"": {""signal"": ""51%"", ""frequency"": ""5 GHz"", ""channel"": ""48""}, ""90:14:AF:5F:AF:B0"": {""signal"": ""51%"", ""frequency"": ""5 GHz"", ""channel"": ""149""}, ""90:14:AF:5E:EB:A0"": {""signal"": ""51%"", ""frequency"": ""2.4 GHz"", ""channel"": ""1""}, ""90:14:AF:5F:81:70"": {""signal"": ""51%"", ""frequency"": ""5 GHz"", ""channel"": ""56""}, ""90:14:AF:5F:9D:90"": {""signal"": ""51%"", ""frequency"": ""5 GHz"", ""channel"": ""153""}, ""FC:11:65:DF:79:A0"": {""signal"": ""45%"", ""frequency"": ""5 GHz"", ""channel"": ""36""}, ""FC:11:65:DF:B1:A0"": {""signal"": ""39%"", ""frequency"": ""5 GHz"", ""channel"": ""112""}, ""90:14:AF:5F:BB:F0"": {""signal"": ""36%"", ""frequency"": ""5 GHz"", ""channel"": ""132""}, ""90:14:AF:5E:E4:D0"": {""signal"": ""33%"", ""frequency"": ""5 GHz"", ""channel"": ""52""}, ""90:14:AF:5E:F5:D0"": {""signal"": ""27%"", ""frequency"": ""5 GHz"", ""channel"": ""48""}, ""90:14:AF:5E:EB:B0"": {""signal"": ""27%"", ""frequency"": ""5 GHz"", ""channel"": ""136""}, ""90:14:AF:5F:69:D0"": {""signal"": ""12%"", ""frequency"": ""5 GHz"", ""channel"": ""64""}, ""FC:11:65:DF:CC:C0"": {""signal"": ""6%"", ""frequency"": ""5 GHz"", ""channel"": ""52""}}",33,2026-09-08 17:39:01
218,90:14:AF:5F:B1:10: 82% | 90:14:AF:5F:6A:F0: 81% | 90:14:AF:5F:B6:30: 77% | FC:11:65:DF:CC:00: 72% | 90:14:AF:5F:B2:10: 69% | 90:14:AF:5E:E3:F0: 63% | 90:14:AF:5E:EB:B0: 48% | 90:14:AF:5F:6A:10: 39%,"{""90:14:AF:5F:B1:10"": {""signal"": ""82%"", ""frequency"": ""5 GHz"", ""channel"": ""149""}, ""90:14:AF:5F:6A:F0"": {""signal"": ""81%"", ""frequency"": ""5 GHz"", ""channel"": ""100""}, ""90:14:AF:5F:B6:30"": {""signal"": ""77%"", ""frequency"": ""5 GHz"", ""channel"": ""100""}, ""FC:11:65:DF:CC:00"": {""signal"": ""72%"", ""frequency"": ""5 GHz"", ""channel"": ""136""}, ""90:14:AF:5F:B2:10"": {""signal"": ""69%"", ""frequency"": ""5 GHz"", ""channel"": ""136""}, ""90:14:AF:5E:E3:F0"": {""signal"": ""63%"", ""frequency"": ""5 GHz"", ""channel"": ""100""}, ""90:14:AF:5E:EB:B0"": {""signal"": ""48%"", ""frequency"": ""5 GHz"", ""channel"": ""136""}, ""90:14:AF:5F:6A:10"": {""signal"": ""39%"", ""frequency"": ""5 GHz"", ""channel"": ""136""}}",8,2026-09-08 17:45:24
218 B,90:14:AF:5F:B1:10: 82% | 90:14:AF:5F:6A:F0: 81% | 90:14:AF:5F:B6:30: 77% | FC:11:65:DF:CC:00: 72% | 90:14:AF:5F:B2:10: 69% | 90:14:AF:5E:E3:F0: 63% | 90:14:AF:5E:EB:B0: 48% | 90:14:AF:5F:6A:10: 39%,"{""90:14:AF:5F:B1:10"": {""signal"": ""82%"", ""frequency"": ""5 GHz"", ""channel"": ""149""}, ""90:14:AF:5F:6A:F0"": {""signal"": ""81%"", ""frequency"": ""5 GHz"", ""channel"": ""100""}, ""90:14:AF:5F:B6:30"": {""signal"": ""77%"", ""frequency"": ""5 GHz"", ""channel"": ""100""}, ""FC:11:65:DF:CC:00"": {""signal"": ""72%"", ""frequency"": ""5 GHz"", ""channel"": ""136""}, ""90:14:AF:5F:B2:10"": {""signal"": ""69%"", ""frequency"": ""5 GHz"", ""channel"": ""136""}, ""90:14:AF:5E:E3:F0"": {""signal"": ""63%"", ""frequency"": ""5 GHz"", ""channel"": ""100""}, ""90:14:AF:5E:EB:B0"": {""signal"": ""48%"", ""frequency"": ""5 GHz"", ""channel"": ""136""}, ""90:14:AF:5F:6A:10"": {""signal"": ""39%"", ""frequency"": ""5 GHz"", ""channel"": ""136""}}",8,2026-09-08 17:45:40
217,90:14:AF:5F:B6:20: 97% | FC:11:65:DE:FC:90: 96% | FC:11:65:DE:FC:A0: 87% | 90:14:AF:5F:B6:30: 86% | FC:11:65:DF:6E:90: 81% | FC:11:65:DF:84:40: 80% | 90:14:AF:5F:BC:D0: 80% | 90:14:AF:5E:E3:E0: 76% | 90:14:AF:5E:EB:E0: 75% | 90:14:AF:5F:76:80: 63% | FC:11:65:DF:6E:A0: 57% | 90:14:AF:5F:B1:10: 54% | 90:14:AF:5F:B2:10: 48% | FC:11:65:DE:FA:20: 48% | 90:14:AF:5F:6A:F0: 42% | FC:11:65:DF:CC:00: 39% | 90:14:AF:5F:8E:70: 24% | 90:14:AF:5E:EB:F0: 18% | 90:14:AF:5E:E3:F0: 12% | 90:14:AF:5F:6D:10: 9% | 90:14:AF:5F:C5:10: 0%,"{""90:14:AF:5F:B6:20"": {""signal"": ""97%"", ""frequency"": ""2.4 GHz"", ""channel"": ""6""}, ""FC:11:65:DE:FC:90"": {""signal"": ""96%"", ""frequency"": ""2.4 GHz"", ""channel"": ""11""}, ""FC:11:65:DE:FC:A0"": {""signal"": ""87%"", ""frequency"": ""5 GHz"", ""channel"": ""64""}, ""90:14:AF:5F:B6:30"": {""signal"": ""86%"", ""frequency"": ""5 GHz"", ""channel"": ""100""}, ""FC:11:65:DF:6E:90"": {""signal"": ""81%"", ""frequency"": ""2.4 GHz"", ""channel"": ""6""}, ""FC:11:65:DF:84:40"": {""signal"": ""80%"", ""frequency"": ""5 GHz"", ""channel"": ""104""}, ""90:14:AF:5F:BC:D0"": {""signal"": ""80%"", ""frequency"": ""5 GHz"", ""channel"": ""108""}, ""90:14:AF:5E:E3:E0"": {""signal"": ""76%"", ""frequency"": ""2.4 GHz"", ""channel"": ""1""}, ""90:14:AF:5E:EB:E0"": {""signal"": ""75%"", ""frequency"": ""2.4 GHz"", ""channel"": ""1""}, ""90:14:AF:5F:76:80"": {""signal"": ""63%"", ""frequency"": ""2.4 GHz"", ""channel"": ""1""}, ""FC:11:65:DF:6E:A0"": {""signal"": ""57%"", ""frequency"": ""5 GHz"", ""channel"": ""104""}, ""90:14:AF:5F:B1:10"": {""signal"": ""54%"", ""frequency"": ""5 GHz"", ""channel"": ""149""}, ""90:14:AF:5F:B2:10"": {""signal"": ""48%"", ""frequency"": ""5 GHz"", ""channel"": ""136""}, ""FC:11:65:DE:FA:20"": {""signal"": ""48%"", ""frequency"": ""5 GHz"", ""channel"": ""132""}, ""90:14:AF:5F:6A:F0"": {""signal"": ""42%"", ""frequency"": ""5 GHz"", ""channel"": ""100""}, ""FC:11:65:DF:CC:00"": {""signal"": ""39%"", ""frequency"": ""5 GHz"", ""channel"": ""136""}, ""90:14:AF:5F:8E:70"": {""signal"": ""24%"", ""frequency"": ""5 GHz"", ""channel"": ""60""}, ""90:14:AF:5E:EB:F0"": {""signal"": ""18%"", ""frequency"": ""5 GHz"", ""channel"": ""132""}, ""90:14:AF:5E:E3:F0"": {""signal"": ""12%"", ""frequency"": ""5 GHz"", ""channel"": ""100""}, ""90:14:AF:5F:6D:10"": {""signal"": ""9%"", ""frequency"": ""5 GHz"", ""channel"": ""48""}, ""90:14:AF:5F:C5:10"": {""signal"": ""0%"", ""frequency"": ""5 GHz"", ""channel"": ""136""}}",21,2026-09-08 17:47:05
217 B,90:14:AF:5F:B6:20: 97% | FC:11:65:DE:FC:90: 96% | FC:11:65:DE:FC:A0: 87% | 90:14:AF:5F:B6:30: 86% | FC:11:65:DF:6E:90: 81% | FC:11:65:DF:84:40: 80% | 90:14:AF:5F:BC:D0: 80% | 90:14:AF:5E:E3:E0: 76% | 90:14:AF:5E:EB:E0: 75% | 90:14:AF:5F:76:80: 63% | FC:11:65:DF:6E:A0: 57% | 90:14:AF:5F:B1:10: 54% | 90:14:AF:5F:B2:10: 48% | FC:11:65:DE:FA:20: 48% | 90:14:AF:5F:6A:F0: 42% | FC:11:65:DF:CC:00: 39% | 90:14:AF:5F:8E:70: 24% | 90:14:AF:5E:EB:F0: 18% | 90:14:AF:5E:E3:F0: 12% | 90:14:AF:5F:6D:10: 9% | 90:14:AF:5F:C5:10: 0%,"{""90:14:AF:5F:B6:20"": {""signal"": ""97%"", ""frequency"": ""2.4 GHz"", ""channel"": ""6""}, ""FC:11:65:DE:FC:90"": {""signal"": ""96%"", ""frequency"": ""2.4 GHz"", ""channel"": ""11""}, ""FC:11:65:DE:FC:A0"": {""signal"": ""87%"", ""frequency"": ""5 GHz"", ""channel"": ""64""}, ""90:14:AF:5F:B6:30"": {""signal"": ""86%"", ""frequency"": ""5 GHz"", ""channel"": ""100""}, ""FC:11:65:DF:6E:90"": {""signal"": ""81%"", ""frequency"": ""2.4 GHz"", ""channel"": ""6""}, ""FC:11:65:DF:84:40"": {""signal"": ""80%"", ""frequency"": ""5 GHz"", ""channel"": ""104""}, ""90:14:AF:5F:BC:D0"": {""signal"": ""80%"", ""frequency"": ""5 GHz"", ""channel"": ""108""}, ""90:14:AF:5E:E3:E0"": {""signal"": ""76%"", ""frequency"": ""2.4 GHz"", ""channel"": ""1""}, ""90:14:AF:5E:EB:E0"": {""signal"": ""75%"", ""frequency"": ""2.4 GHz"", ""channel"": ""1""}, ""90:14:AF:5F:76:80"": {""signal"": ""63%"", ""frequency"": ""2.4 GHz"", ""channel"": ""1""}, ""FC:11:65:DF:6E:A0"": {""signal"": ""57%"", ""frequency"": ""5 GHz"", ""channel"": ""104""}, ""90:14:AF:5F:B1:10"": {""signal"": ""54%"", ""frequency"": ""5 GHz"", ""channel"": ""149""}, ""90:14:AF:5F:B2:10"": {""signal"": ""48%"", ""frequency"": ""5 GHz"", ""channel"": ""136""}, ""FC:11:65:DE:FA:20"": {""signal"": ""48%"", ""frequency"": ""5 GHz"", ""channel"": ""132""}, ""90:14:AF:5F:6A:F0"": {""signal"": ""42%"", ""frequency"": ""5 GHz"", ""channel"": ""100""}, ""FC:11:65:DF:CC:00"": {""signal"": ""39%"", ""frequency"": ""5 GHz"", ""channel"": ""136""}, ""90:14:AF:5F:8E:70"": {""signal"": ""24%"", ""frequency"": ""5 GHz"", ""channel"": ""60""}, ""90:14:AF:5E:EB:F0"": {""signal"": ""18%"", ""frequency"": ""5 GHz"", ""channel"": ""132""}, ""90:14:AF:5E:E3:F0"": {""signal"": ""12%"", ""frequency"": ""5 GHz"", ""channel"": ""100""}, ""90:14:AF:5F:6D:10"": {""signal"": ""9%"", ""frequency"": ""5 GHz"", ""channel"": ""48""}, ""90:14:AF:5F:C5:10"": {""signal"": ""0%"", ""frequency"": ""5 GHz"", ""channel"": ""136""}}",21,2026-09-08 17:47:18
ELEVATOR - STAIRCASE AREA,90:14:AF:5F:B6:20: 97% | FC:11:65:DE:FC:90: 96% | FC:11:65:DE:FC:A0: 87% | 90:14:AF:5F:B6:30: 86% | FC:11:65:DF:6E:90: 81% | FC:11:65:DF:84:40: 80% | 90:14:AF:5F:BC:D0: 80% | 90:14:AF:5E:E3:E0: 76% | 90:14:AF:5E:EB:E0: 75% | 90:14:AF:5F:76:80: 63% | FC:11:65:DF:6E:A0: 57% | 90:14:AF:5F:B1:10: 54% | 90:14:AF:5F:B2:10: 48% | FC:11:65:DE:FA:20: 48% | 90:14:AF:5F:6A:F0: 42% | FC:11:65:DF:CC:00: 39% | 90:14:AF:5F:8E:70: 24% | 90:14:AF:5E:EB:F0: 18% | 90:14:AF:5E:E3:F0: 12% | 90:14:AF:5F:6D:10: 9% | 90:14:AF:5F:C5:10: 0%,"{""90:14:AF:5F:B6:20"": {""signal"": ""97%"", ""frequency"": ""2.4 GHz"", ""channel"": ""6""}, ""FC:11:65:DE:FC:90"": {""signal"": ""96%"", ""frequency"": ""2.4 GHz"", ""channel"": ""11""}, ""FC:11:65:DE:FC:A0"": {""signal"": ""87%"", ""frequency"": ""5 GHz"", ""channel"": ""64""}, ""90:14:AF:5F:B6:30"": {""signal"": ""86%"", ""frequency"": ""5 GHz"", ""channel"": ""100""}, ""FC:11:65:DF:6E:90"": {""signal"": ""81%"", ""frequency"": ""2.4 GHz"", ""channel"": ""6""}, ""FC:11:65:DF:84:40"": {""signal"": ""80%"", ""frequency"": ""5 GHz"", ""channel"": ""104""}, ""90:14:AF:5F:BC:D0"": {""signal"": ""80%"", ""frequency"": ""5 GHz"", ""channel"": ""108""}, ""90:14:AF:5E:E3:E0"": {""signal"": ""76%"", ""frequency"": ""2.4 GHz"", ""channel"": ""1""}, ""90:14:AF:5E:EB:E0"": {""signal"": ""75%"", ""frequency"": ""2.4 GHz"", ""channel"": ""1""}, ""90:14:AF:5F:76:80"": {""signal"": ""63%"", ""frequency"": ""2.4 GHz"", ""channel"": ""1""}, ""FC:11:65:DF:6E:A0"": {""signal"": ""57%"", ""frequency"": ""5 GHz"", ""channel"": ""104""}, ""90:14:AF:5F:B1:10"": {""signal"": ""54%"", ""frequency"": ""5 GHz"", ""channel"": ""149""}, ""90:14:AF:5F:B2:10"": {""signal"": ""48%"", ""frequency"": ""5 GHz"", ""channel"": ""136""}, ""FC:11:65:DE:FA:20"": {""signal"": ""48%"", ""frequency"": ""5 GHz"", ""channel"": ""132""}, ""90:14:AF:5F:6A:F0"": {""signal"": ""42%"", ""frequency"": ""5 GHz"", ""channel"": ""100""}, ""FC:11:65:DF:CC:00"": {""signal"": ""39%"", ""frequency"": ""5 GHz"", ""channel"": ""136""}, ""90:14:AF:5F:8E:70"": {""signal"": ""24%"", ""frequency"": ""5 GHz"", ""channel"": ""60""}, ""90:14:AF:5E:EB:F0"": {""signal"": ""18%"", ""frequency"": ""5 GHz"", ""channel"": ""132""}, ""90:14:AF:5E:E3:F0"": {""signal"": ""12%"", ""frequency"": ""5 GHz"", ""channel"": ""100""}, ""90:14:AF:5F:6D:10"": {""signal"": ""9%"", ""frequency"": ""5 GHz"", ""channel"": ""48""}, ""90:14:AF:5F:C5:10"": {""signal"": ""0%"", ""frequency"": ""5 GHz"", ""channel"": ""136""}}",21,2026-09-08 17:48:22
215,FC:11:65:DF:A6:C0: 95% | 90:14:AF:5F:B8:80: 87% | 90:14:AF:5F:B8:90: 82% | 90:14:AF:5F:C5:10: 81% | 90:14:AF:5F:9D:80: 79% | 90:14:AF:5E:F5:D0: 75% | 90:14:AF:5F:BB:F0: 72% | 90:14:AF:5F:15:70: 63% | 90:14:AF:5F:1E:D0: 63% | FC:11:65:DE:FA:20: 54% | 90:14:AF:5F:85:00: 48% | 90:14:AF:5E:CF:B0: 39% | 90:14:AF:5F:7A:40: 39% | FC:11:65:DF:B1:90: 9%,"{""FC:11:65:DF:A6:C0"": {""signal"": ""95%"", ""frequency"": ""5 GHz"", ""channel"": ""108""}, ""90:14:AF:5F:B8:80"": {""signal"": ""87%"", ""frequency"": ""2.4 GHz"", ""channel"": ""11""}, ""90:14:AF:5F:B8:90"": {""signal"": ""82%"", ""frequency"": ""5 GHz"", ""channel"": ""157""}, ""90:14:AF:5F:C5:10"": {""signal"": ""81%"", ""frequency"": ""5 GHz"", ""channel"": ""60""}, ""90:14:AF:5F:9D:80"": {""signal"": ""79%"", ""frequency"": ""2.4 GHz"", ""channel"": ""11""}, ""90:14:AF:5E:F5:D0"": {""signal"": ""75%"", ""frequency"": ""5 GHz"", ""channel"": ""48""}, ""90:14:AF:5F:BB:F0"": {""signal"": ""72%"", ""frequency"": ""5 GHz"", ""channel"": ""64""}, ""90:14:AF:5F:15:70"": {""signal"": ""63%"", ""frequency"": ""5 GHz"", ""channel"": ""64""}, ""90:14:AF:5F:1E:D0"": {""signal"": ""63%"", ""frequency"": ""5 GHz"", ""channel"": ""104""}, ""FC:11:65:DE:FA:20"": {""signal"": ""54%"", ""frequency"": ""5 GHz"", ""channel"": ""132""}, ""90:14:AF:5F:85:00"": {""signal"": ""48%"", ""frequency"": ""2.4 GHz"", ""channel"": ""1""}, ""90:14:AF:5E:CF:B0"": {""signal"": ""39%"", ""frequency"": ""5 GHz"", ""channel"": ""64""}, ""90:14:AF:5F:7A:40"": {""signal"": ""39%"", ""frequency"": ""2.4 GHz"", ""channel"": ""11""}, ""FC:11:65:DF:B1:90"": {""signal"": ""9%"", ""frequency"": ""2.4 GHz"", ""channel"": ""1""}}",14,2026-09-08 18:06:42
215 B,FC:11:65:DF:A6:C0: 95% | 90:14:AF:5F:B8:80: 87% | 90:14:AF:5F:B8:90: 82% | 90:14:AF:5F:C5:10: 81% | 90:14:AF:5F:9D:80: 79% | 90:14:AF:5E:F5:D0: 75% | 90:14:AF:5F:BB:F0: 72% | 90:14:AF:5F:15:70: 63% | 90:14:AF:5F:1E:D0: 63% | FC:11:65:DE:FA:20: 54% | 90:14:AF:5F:85:00: 48% | 90:14:AF:5E:CF:B0: 39% | 90:14:AF:5F:7A:40: 39% | FC:11:65:DF:B1:90: 9%,"{""FC:11:65:DF:A6:C0"": {""signal"": ""95%"", ""frequency"": ""5 GHz"", ""channel"": ""108""}, ""90:14:AF:5F:B8:80"": {""signal"": ""87%"", ""frequency"": ""2.4 GHz"", ""channel"": ""11""}, ""90:14:AF:5F:B8:90"": {""signal"": ""82%"", ""frequency"": ""5 GHz"", ""channel"": ""157""}, ""90:14:AF:5F:C5:10"": {""signal"": ""81%"", ""frequency"": ""5 GHz"", ""channel"": ""60""}, ""90:14:AF:5F:9D:80"": {""signal"": ""79%"", ""frequency"": ""2.4 GHz"", ""channel"": ""11""}, ""90:14:AF:5E:F5:D0"": {""signal"": ""75%"", ""frequency"": ""5 GHz"", ""channel"": ""48""}, ""90:14:AF:5F:BB:F0"": {""signal"": ""72%"", ""frequency"": ""5 GHz"", ""channel"": ""64""}, ""90:14:AF:5F:15:70"": {""signal"": ""63%"", ""frequency"": ""5 GHz"", ""channel"": ""64""}, ""90:14:AF:5F:1E:D0"": {""signal"": ""63%"", ""frequency"": ""5 GHz"", ""channel"": ""104""}, ""FC:11:65:DE:FA:20"": {""signal"": ""54%"", ""frequency"": ""5 GHz"", ""channel"": ""132""}, ""90:14:AF:5F:85:00"": {""signal"": ""48%"", ""frequency"": ""2.4 GHz"", ""channel"": ""1""}, ""90:14:AF:5E:CF:B0"": {""signal"": ""39%"", ""frequency"": ""5 GHz"", ""channel"": ""64""}, ""90:14:AF:5F:7A:40"": {""signal"": ""39%"", ""frequency"": ""2.4 GHz"", ""channel"": ""11""}, ""FC:11:65:DF:B1:90"": {""signal"": ""9%"", ""frequency"": ""2.4 GHz"", ""channel"": ""1""}}",14,2026-09-08 18:06:58
214,FC:11:65:DF:A6:C0: 95% | 90:14:AF:5F:B8:80: 87% | 90:14:AF:5F:B8:90: 82% | 90:14:AF:5F:C5:10: 81% | 90:14:AF:5F:9D:80: 79% | 90:14:AF:5E:F5:D0: 75% | 90:14:AF:5F:BB:F0: 72% | 90:14:AF:5F:15:70: 63% | 90:14:AF:5F:1E:D0: 63% | FC:11:65:DE:FA:20: 54% | 90:14:AF:5F:85:00: 48% | 90:14:AF:5E:CF:B0: 39% | 90:14:AF:5F:7A:40: 39% | FC:11:65:DF:B1:90: 9%,"{""FC:11:65:DF:A6:C0"": {""signal"": ""95%"", ""frequency"": ""5 GHz"", ""channel"": ""108""}, ""90:14:AF:5F:B8:80"": {""signal"": ""87%"", ""frequency"": ""2.4 GHz"", ""channel"": ""11""}, ""90:14:AF:5F:B8:90"": {""signal"": ""82%"", ""frequency"": ""5 GHz"", ""channel"": ""157""}, ""90:14:AF:5F:C5:10"": {""signal"": ""81%"", ""frequency"": ""5 GHz"", ""channel"": ""60""}, ""90:14:AF:5F:9D:80"": {""signal"": ""79%"", ""frequency"": ""2.4 GHz"", ""channel"": ""11""}, ""90:14:AF:5E:F5:D0"": {""signal"": ""75%"", ""frequency"": ""5 GHz"", ""channel"": ""48""}, ""90:14:AF:5F:BB:F0"": {""signal"": ""72%"", ""frequency"": ""5 GHz"", ""channel"": ""64""}, ""90:14:AF:5F:15:70"": {""signal"": ""63%"", ""frequency"": ""5 GHz"", ""channel"": ""64""}, ""90:14:AF:5F:1E:D0"": {""signal"": ""63%"", ""frequency"": ""5 GHz"", ""channel"": ""104""}, ""FC:11:65:DE:FA:20"": {""signal"": ""54%"", ""frequency"": ""5 GHz"", ""channel"": ""132""}, ""90:14:AF:5F:85:00"": {""signal"": ""48%"", ""frequency"": ""2.4 GHz"", ""channel"": ""1""}, ""90:14:AF:5E:CF:B0"": {""signal"": ""39%"", ""frequency"": ""5 GHz"", ""channel"": ""64""}, ""90:14:AF:5F:7A:40"": {""signal"": ""39%"", ""frequency"": ""2.4 GHz"", ""channel"": ""11""}, ""FC:11:65:DF:B1:90"": {""signal"": ""9%"", ""frequency"": ""2.4 GHz"", ""channel"": ""1""}}",14,2026-09-08 18:07:45
214 B,FC:11:65:DF:A6:C0: 95% | 90:14:AF:5F:B8:80: 87% | 90:14:AF:5F:B8:90: 82% | 90:14:AF:5F:C5:10: 81% | 90:14:AF:5F:9D:80: 79% | 90:14:AF:5E:F5:D0: 75% | 90:14:AF:5F:BB:F0: 72% | 90:14:AF:5F:15:70: 63% | 90:14:AF:5F:1E:D0: 63% | FC:11:65:DE:FA:20: 54% | 90:14:AF:5F:85:00: 48% | 90:14:AF:5E:CF:B0: 39% | 90:14:AF:5F:7A:40: 39% | FC:11:65:DF:B1:90: 9%,"{""FC:11:65:DF:A6:C0"": {""signal"": ""95%"", ""frequency"": ""5 GHz"", ""channel"": ""108""}, ""90:14:AF:5F:B8:80"": {""signal"": ""87%"", ""frequency"": ""2.4 GHz"", ""channel"": ""11""}, ""90:14:AF:5F:B8:90"": {""signal"": ""82%"", ""frequency"": ""5 GHz"", ""channel"": ""157""}, ""90:14:AF:5F:C5:10"": {""signal"": ""81%"", ""frequency"": ""5 GHz"", ""channel"": ""60""}, ""90:14:AF:5F:9D:80"": {""signal"": ""79%"", ""frequency"": ""2.4 GHz"", ""channel"": ""11""}, ""90:14:AF:5E:F5:D0"": {""signal"": ""75%"", ""frequency"": ""5 GHz"", ""channel"": ""48""}, ""90:14:AF:5F:BB:F0"": {""signal"": ""72%"", ""frequency"": ""5 GHz"", ""channel"": ""64""}, ""90:14:AF:5F:15:70"": {""signal"": ""63%"", ""frequency"": ""5 GHz"", ""channel"": ""64""}, ""90:14:AF:5F:1E:D0"": {""signal"": ""63%"", ""frequency"": ""5 GHz"", ""channel"": ""104""}, ""FC:11:65:DE:FA:20"": {""signal"": ""54%"", ""frequency"": ""5 GHz"", ""channel"": ""132""}, ""90:14:AF:5F:85:00"": {""signal"": ""48%"", ""frequency"": ""2.4 GHz"", ""channel"": ""1""}, ""90:14:AF:5E:CF:B0"": {""signal"": ""39%"", ""frequency"": ""5 GHz"", ""channel"": ""64""}, ""90:14:AF:5F:7A:40"": {""signal"": ""39%"", ""frequency"": ""2.4 GHz"", ""channel"": ""11""}, ""FC:11:65:DF:B1:90"": {""signal"": ""9%"", ""frequency"": ""2.4 GHz"", ""channel"": ""1""}}",14,2026-09-08 18:07:57
WASHROOM NEAR 214,FC:11:65:DE:FA:C0: 83% | 90:14:AF:5F:B8:90: 82% | FC:11:65:DF:A6:C0: 63% | 90:14:AF:5F:1E:D0: 63% | 90:14:AF:5F:7D:D0: 57% | 90:14:AF:5F:9E:70: 57% | FC:11:65:DE:FA:20: 54% | 90:14:AF:5F:B2:10: 39% | 90:14:AF:5F:AF:B0: 6%,"{""FC:11:65:DE:FA:C0"": {""signal"": ""83%"", ""frequency"": ""5 GHz"", ""channel"": ""100""}, ""90:14:AF:5F:B8:90"": {""signal"": ""82%"", ""frequency"": ""5 GHz"", ""channel"": ""157""}, ""FC:11:65:DF:A6:C0"": {""signal"": ""63%"", ""frequency"": ""5 GHz"", ""channel"": ""108""}, ""90:14:AF:5F:1E:D0"": {""signal"": ""63%"", ""frequency"": ""5 GHz"", ""channel"": ""104""}, ""90:14:AF:5F:7D:D0"": {""signal"": ""57%"", ""frequency"": ""5 GHz"", ""channel"": ""100""}, ""90:14:AF:5F:9E:70"": {""signal"": ""57%"", ""frequency"": ""5 GHz"", ""channel"": ""100""}, ""FC:11:65:DE:FA:20"": {""signal"": ""54%"", ""frequency"": ""5 GHz"", ""channel"": ""132""}, ""90:14:AF:5F:B2:10"": {""signal"": ""39%"", ""frequency"": ""5 GHz"", ""channel"": ""136""}, ""90:14:AF:5F:AF:B0"": {""signal"": ""6%"", ""frequency"": ""5 GHz"", ""channel"": ""149""}}",9,2026-09-08 18:08:35
HALL NEAR 208 CORNER,90:14:AF:5F:9A:C0: 88% | FC:11:65:DF:CC:B0: 85% | 90:14:AF:5F:9A:D0: 82% | FC:11:65:DF:CC:C0: 80% | FC:11:65:DE:FA:B0: 79% | 90:14:AF:5F:BB:F0: 77% | 90:14:AF:5F:BB:E0: 77% | FC:11:65:DF:A6:C0: 63% | 90:14:AF:5E:F5:C0: 57% | FC:11:65:DF:78:D0: 57% | FC:11:65:DE:FA:C0: 57% | BA:6A:40:F0:B1:19: 57% | 90:14:AF:5F:07:E0: 54% | 90:14:AF:5F:80:00: 54% | 90:14:AF:5F:B8:80: 51% | 90:14:AF:5F:9E:60: 45% | 90:14:AF:5F:7D:C0: 45% | FC:11:65:DF:78:E0: 42% | 90:14:AF:5F:B8:90: 42% | 90:14:AF:5F:9E:70: 42% | 90:14:AF:5F:9D:80: 42% | FC:11:65:DF:A6:B0: 42% | 90:14:AF:5F:7D:D0: 33% | 90:14:AF:5F:7A:40: 21% | 90:14:AF:5F:9D:90: 21% | 90:14:AF:5F:B2:10: 18% | 90:14:AF:5E:F5:D0: 18% | 90:14:AF:5F:15:70: 15% | 90:14:AF:5F:7A:50: 12% | 90:14:AF:5F:AF:B0: 6%,"{""90:14:AF:5F:9A:C0"": {""signal"": ""88%"", ""frequency"": ""2.4 GHz"", ""channel"": ""1""}, ""FC:11:65:DF:CC:B0"": {""signal"": ""85%"", ""frequency"": ""2.4 GHz"", ""channel"": ""1""}, ""90:14:AF:5F:9A:D0"": {""signal"": ""82%"", ""frequency"": ""5 GHz"", ""channel"": ""36""}, ""FC:11:65:DF:CC:C0"": {""signal"": ""80%"", ""frequency"": ""5 GHz"", ""channel"": ""52""}, ""FC:11:65:DE:FA:B0"": {""signal"": ""79%"", ""frequency"": ""2.4 GHz"", ""channel"": ""6""}, ""90:14:AF:5F:BB:F0"": {""signal"": ""77%"", ""frequency"": ""5 GHz"", ""channel"": ""64""}, ""90:14:AF:5F:BB:E0"": {""signal"": ""77%"", ""frequency"": ""2.4 GHz"", ""channel"": ""1""}, ""FC:11:65:DF:A6:C0"": {""signal"": ""63%"", ""frequency"": ""5 GHz"", ""channel"": ""108""}, ""90:14:AF:5E:F5:C0"": {""signal"": ""57%"", ""frequency"": ""2.4 GHz"", ""channel"": ""1""}, ""FC:11:65:DF:78:D0"": {""signal"": ""57%"", ""frequency"": ""2.4 GHz"", ""channel"": ""6""}, ""FC:11:65:DE:FA:C0"": {""signal"": ""57%"", ""frequency"": ""5 GHz"", ""channel"": ""100""}, ""BA:6A:40:F0:B1:19"": {""signal"": ""57%"", ""frequency"": ""2.4 GHz"", ""channel"": ""11""}, ""90:14:AF:5F:07:E0"": {""signal"": ""54%"", ""frequency"": ""2.4 GHz"", ""channel"": ""1""}, ""90:14:AF:5F:80:00"": {""signal"": ""54%"", ""frequency"": ""2.4 GHz"", ""channel"": ""11""}, ""90:14:AF:5F:B8:80"": {""signal"": ""51%"", ""frequency"": ""2.4 GHz"", ""channel"": ""11""}, ""90:14:AF:5F:9E:60"": {""signal"": ""45%"", ""frequency"": ""2.4 GHz"", ""channel"": ""11""}, ""90:14:AF:5F:7D:C0"": {""signal"": ""45%"", ""frequency"": ""2.4 GHz"", ""channel"": ""6""}, ""FC:11:65:DF:78:E0"": {""signal"": ""42%"", ""frequency"": ""5 GHz"", ""channel"": ""40""}, ""90:14:AF:5F:B8:90"": {""signal"": ""42%"", ""frequency"": ""5 GHz"", ""channel"": ""157""}, ""90:14:AF:5F:9E:70"": {""signal"": ""42%"", ""frequency"": ""5 GHz"", ""channel"": ""100""}, ""90:14:AF:5F:9D:80"": {""signal"": ""42%"", ""frequency"": ""2.4 GHz"", ""channel"": ""11""}, ""FC:11:65:DF:A6:B0"": {""signal"": ""42%"", ""frequency"": ""2.4 GHz"", ""channel"": ""6""}, ""90:14:AF:5F:7D:D0"": {""signal"": ""33%"", ""frequency"": ""5 GHz"", ""channel"": ""100""}, ""90:14:AF:5F:7A:40"": {""signal"": ""21%"", ""frequency"": ""2.4 GHz"", ""channel"": ""11""}, ""90:14:AF:5F:9D:90"": {""signal"": ""21%"", ""frequency"": ""5 GHz"", ""channel"": ""153""}, ""90:14:AF:5F:B2:10"": {""signal"": ""18%"", ""frequency"": ""5 GHz"", ""channel"": ""136""}, ""90:14:AF:5E:F5:D0"": {""signal"": ""18%"", ""frequency"": ""5 GHz"", ""channel"": ""48""}, ""90:14:AF:5F:15:70"": {""signal"": ""15%"", ""frequency"": ""5 GHz"", ""channel"": ""64""}, ""90:14:AF:5F:7A:50"": {""signal"": ""12%"", ""frequency"": ""5 GHz"", ""channel"": ""60""}, ""90:14:AF:5F:AF:B0"": {""signal"": ""6%"", ""frequency"": ""5 GHz"", ""channel"": ""149""}}",30,2026-09-08 18:09:32
GIRL WASHROOM IN FRONT OF 208,90:14:AF:5F:9A:C0: 88% | FC:11:65:DF:CC:B0: 85% | 90:14:AF:5F:9A:D0: 82% | FC:11:65:DF:CC:C0: 80% | FC:11:65:DE:FA:B0: 79% | 90:14:AF:5F:BB:F0: 77% | 90:14:AF:5F:BB:E0: 77% | 90:14:AF:5E:F5:C0: 57% | FC:11:65:DF:78:D0: 57% | FC:11:65:DE:FA:C0: 57% | BA:6A:40:F0:B1:19: 57% | 90:14:AF:5F:07:E0: 54% | 90:14:AF:5F:80:00: 54% | 90:14:AF:5F:B8:80: 51% | 90:14:AF:5F:9E:60: 45% | 90:14:AF:5F:7D:C0: 45% | FC:11:65:DF:78:E0: 42% | 90:14:AF:5F:B8:90: 42% | 90:14:AF:5F:9E:70: 42% | 90:14:AF:5F:9D:80: 42% | FC:11:65:DF:A6:B0: 42% | 90:14:AF:5F:7D:D0: 33% | 90:14:AF:5F:7A:40: 21% | 90:14:AF:5F:9D:90: 21% | 90:14:AF:5F:B2:10: 18% | 90:14:AF:5E:F5:D0: 18% | 90:14:AF:5F:15:70: 15% | 90:14:AF:5F:7A:50: 12%,"{""90:14:AF:5F:9A:C0"": {""signal"": ""88%"", ""frequency"": ""2.4 GHz"", ""channel"": ""1""}, ""FC:11:65:DF:CC:B0"": {""signal"": ""85%"", ""frequency"": ""2.4 GHz"", ""channel"": ""1""}, ""90:14:AF:5F:9A:D0"": {""signal"": ""82%"", ""frequency"": ""5 GHz"", ""channel"": ""36""}, ""FC:11:65:DF:CC:C0"": {""signal"": ""80%"", ""frequency"": ""5 GHz"", ""channel"": ""52""}, ""FC:11:65:DE:FA:B0"": {""signal"": ""79%"", ""frequency"": ""2.4 GHz"", ""channel"": ""6""}, ""90:14:AF:5F:BB:F0"": {""signal"": ""77%"", ""frequency"": ""5 GHz"", ""channel"": ""64""}, ""90:14:AF:5F:BB:E0"": {""signal"": ""77%"", ""frequency"": ""2.4 GHz"", ""channel"": ""1""}, ""90:14:AF:5E:F5:C0"": {""signal"": ""57%"", ""frequency"": ""2.4 GHz"", ""channel"": ""1""}, ""FC:11:65:DF:78:D0"": {""signal"": ""57%"", ""frequency"": ""2.4 GHz"", ""channel"": ""6""}, ""FC:11:65:DE:FA:C0"": {""signal"": ""57%"", ""frequency"": ""5 GHz"", ""channel"": ""100""}, ""BA:6A:40:F0:B1:19"": {""signal"": ""57%"", ""frequency"": ""2.4 GHz"", ""channel"": ""11""}, ""90:14:AF:5F:07:E0"": {""signal"": ""54%"", ""frequency"": ""2.4 GHz"", ""channel"": ""1""}, ""90:14:AF:5F:80:00"": {""signal"": ""54%"", ""frequency"": ""2.4 GHz"", ""channel"": ""11""}, ""90:14:AF:5F:B8:80"": {""signal"": ""51%"", ""frequency"": ""2.4 GHz"", ""channel"": ""11""}, ""90:14:AF:5F:9E:60"": {""signal"": ""45%"", ""frequency"": ""2.4 GHz"", ""channel"": ""11""}, ""90:14:AF:5F:7D:C0"": {""signal"": ""45%"", ""frequency"": ""2.4 GHz"", ""channel"": ""6""}, ""FC:11:65:DF:78:E0"": {""signal"": ""42%"", ""frequency"": ""5 GHz"", ""channel"": ""40""}, ""90:14:AF:5F:B8:90"": {""signal"": ""42%"", ""frequency"": ""5 GHz"", ""channel"": ""157""}, ""90:14:AF:5F:9E:70"": {""signal"": ""42%"", ""frequency"": ""5 GHz"", ""channel"": ""100""}, ""90:14:AF:5F:9D:80"": {""signal"": ""42%"", ""frequency"": ""2.4 GHz"", ""channel"": ""11""}, ""FC:11:65:DF:A6:B0"": {""signal"": ""42%"", ""frequency"": ""2.4 GHz"", ""channel"": ""6""}, ""90:14:AF:5F:7D:D0"": {""signal"": ""33%"", ""frequency"": ""5 GHz"", ""channel"": ""100""}, ""90:14:AF:5F:7A:40"": {""signal"": ""21%"", ""frequency"": ""2.4 GHz"", ""channel"": ""11""}, ""90:14:AF:5F:9D:90"": {""signal"": ""21%"", ""frequency"": ""5 GHz"", ""channel"": ""153""}, ""90:14:AF:5F:B2:10"": {""signal"": ""18%"", ""frequency"": ""5 GHz"", ""channel"": ""136""}, ""90:14:AF:5E:F5:D0"": {""signal"": ""18%"", ""frequency"": ""5 GHz"", ""channel"": ""48""}, ""90:14:AF:5F:15:70"": {""signal"": ""15%"", ""frequency"": ""5 GHz"", ""channel"": ""64""}, ""90:14:AF:5F:7A:50"": {""signal"": ""12%"", ""frequency"": ""5 GHz"", ""channel"": ""60""}}",28,2026-09-08 18:10:12
207,90:14:AF:5F:9A:C0: 88% | FC:11:65:DF:CC:B0: 85% | 90:14:AF:5F:9A:D0: 82% | FC:11:65:DF:CC:C0: 80% | FC:11:65:DE:FA:B0: 79% | 90:14:AF:5F:BB:F0: 77% | 90:14:AF:5F:BB:E0: 77% | 90:14:AF:5E:F5:C0: 57% | FC:11:65:DF:78:D0: 57% | FC:11:65:DE:FA:C0: 57% | BA:6A:40:F0:B1:19: 57% | 90:14:AF:5F:07:E0: 54% | 90:14:AF:5F:80:00: 54% | 90:14:AF:5F:B8:80: 51% | 90:14:AF:5F:9E:60: 45% | 90:14:AF:5F:7D:C0: 45% | FC:11:65:DF:78:E0: 42% | 90:14:AF:5F:B8:90: 42% | 90:14:AF:5F:9E:70: 42% | 90:14:AF:5F:9D:80: 42% | FC:11:65:DF:A6:B0: 42% | 90:14:AF:5F:7D:D0: 33% | 90:14:AF:5F:7A:40: 21% | 90:14:AF:5F:9D:90: 21% | 90:14:AF:5F:B2:10: 18% | 90:14:AF:5E:F5:D0: 18% | 90:14:AF:5F:15:70: 15% | 90:14:AF:5F:7A:50: 12%,"{""90:14:AF:5F:9A:C0"": {""signal"": ""88%"", ""frequency"": ""2.4 GHz"", ""channel"": ""1""}, ""FC:11:65:DF:CC:B0"": {""signal"": ""85%"", ""frequency"": ""2.4 GHz"", ""channel"": ""1""}, ""90:14:AF:5F:9A:D0"": {""signal"": ""82%"", ""frequency"": ""5 GHz"", ""channel"": ""36""}, ""FC:11:65:DF:CC:C0"": {""signal"": ""80%"", ""frequency"": ""5 GHz"", ""channel"": ""52""}, ""FC:11:65:DE:FA:B0"": {""signal"": ""79%"", ""frequency"": ""2.4 GHz"", ""channel"": ""6""}, ""90:14:AF:5F:BB:F0"": {""signal"": ""77%"", ""frequency"": ""5 GHz"", ""channel"": ""64""}, ""90:14:AF:5F:BB:E0"": {""signal"": ""77%"", ""frequency"": ""2.4 GHz"", ""channel"": ""1""}, ""90:14:AF:5E:F5:C0"": {""signal"": ""57%"", ""frequency"": ""2.4 GHz"", ""channel"": ""1""}, ""FC:11:65:DF:78:D0"": {""signal"": ""57%"", ""frequency"": ""2.4 GHz"", ""channel"": ""6""}, ""FC:11:65:DE:FA:C0"": {""signal"": ""57%"", ""frequency"": ""5 GHz"", ""channel"": ""100""}, ""BA:6A:40:F0:B1:19"": {""signal"": ""57%"", ""frequency"": ""2.4 GHz"", ""channel"": ""11""}, ""90:14:AF:5F:07:E0"": {""signal"": ""54%"", ""frequency"": ""2.4 GHz"", ""channel"": ""1""}, ""90:14:AF:5F:80:00"": {""signal"": ""54%"", ""frequency"": ""2.4 GHz"", ""channel"": ""11""}, ""90:14:AF:5F:B8:80"": {""signal"": ""51%"", ""frequency"": ""2.4 GHz"", ""channel"": ""11""}, ""90:14:AF:5F:9E:60"": {""signal"": ""45%"", ""frequency"": ""2.4 GHz"", ""channel"": ""11""}, ""90:14:AF:5F:7D:C0"": {""signal"": ""45%"", ""frequency"": ""2.4 GHz"", ""channel"": ""6""}, ""FC:11:65:DF:78:E0"": {""signal"": ""42%"", ""frequency"": ""5 GHz"", ""channel"": ""40""}, ""90:14:AF:5F:B8:90"": {""signal"": ""42%"", ""frequency"": ""5 GHz"", ""channel"": ""157""}, ""90:14:AF:5F:9E:70"": {""signal"": ""42%"", ""frequency"": ""5 GHz"", ""channel"": ""100""}, ""90:14:AF:5F:9D:80"": {""signal"": ""42%"", ""frequency"": ""2.4 GHz"", ""channel"": ""11""}, ""FC:11:65:DF:A6:B0"": {""signal"": ""42%"", ""frequency"": ""2.4 GHz"", ""channel"": ""6""}, ""90:14:AF:5F:7D:D0"": {""signal"": ""33%"", ""frequency"": ""5 GHz"", ""channel"": ""100""}, ""90:14:AF:5F:7A:40"": {""signal"": ""21%"", ""frequency"": ""2.4 GHz"", ""channel"": ""11""}, ""90:14:AF:5F:9D:90"": {""signal"": ""21%"", ""frequency"": ""5 GHz"", ""channel"": ""153""}, ""90:14:AF:5F:B2:10"": {""signal"": ""18%"", ""frequency"": ""5 GHz"", ""channel"": ""136""}, ""90:14:AF:5E:F5:D0"": {""signal"": ""18%"", ""frequency"": ""5 GHz"", ""channel"": ""48""}, ""90:14:AF:5F:15:70"": {""signal"": ""15%"", ""frequency"": ""5 GHz"", ""channel"": ""64""}, ""90:14:AF:5F:7A:50"": {""signal"": ""12%"", ""frequency"": ""5 GHz"", ""channel"": ""60""}}",28,2026-09-08 18:10:37
207B,FC:11:65:DE:FA:B0: 89% | 90:14:AF:5F:BB:E0: 89% | 90:14:AF:5F:07:E0: 87% | 90:14:AF:5F:9E:60: 87% | 90:14:AF:5F:9A:C0: 85% | FC:11:65:DE:FA:C0: 82% | 90:14:AF:5F:9D:80: 82% | 90:14:AF:5E:F5:C0: 82% | 90:14:AF:5F:9E:70: 82% | 90:14:AF:5F:80:00: 81% | FC:11:65:DF:CC:B0: 80% | FC:11:65:DF:CC:C0: 80% | FC:11:65:DE:FA:10: 79% | 90:14:AF:5F:07:F0: 79% | 90:14:AF:5F:15:60: 77% | 90:14:AF:5F:9A:D0: 77% | 90:14:AF:5F:BB:F0: 77% | 90:14:AF:5F:AF:A0: 75% | FC:11:65:DF:A6:B0: 69% | 90:14:AF:5E:F5:D0: 66% | 90:14:AF:5F:7A:40: 66% | FC:11:65:DF:79:90: 66% | 90:14:AF:5F:AF:B0: 63% | FC:11:65:DF:78:D0: 57% | BA:6A:40:F0:B1:19: 57% | 90:14:AF:5F:B8:80: 51% | 90:14:AF:5F:C5:00: 48% | 90:14:AF:5F:1E:C0: 48% | 90:14:AF:5F:7D:D0: 48% | 90:14:AF:5F:7D:C0: 45% | 90:14:AF:5F:B2:10: 42% | 90:14:AF:5F:B8:90: 42% | FC:11:65:DF:79:A0: 33% | FC:11:65:DF:78:E0: 33% | 90:14:AF:5F:81:70: 24% | 90:14:AF:5F:9D:90: 21% | 90:14:AF:5F:9B:D0: 18% | 90:14:AF:5F:15:70: 15% | 90:14:AF:5F:6A:10: 12% | 90:14:AF:5F:7A:50: 12%,"{""FC:11:65:DE:FA:B0"": {""signal"": ""89%"", ""frequency"": ""2.4 GHz"", ""channel"": ""6""}, ""90:14:AF:5F:BB:E0"": {""signal"": ""89%"", ""frequency"": ""2.4 GHz"", ""channel"": ""1""}, ""90:14:AF:5F:07:E0"": {""signal"": ""87%"", ""frequency"": ""2.4 GHz"", ""channel"": ""1""}, ""90:14:AF:5F:9E:60"": {""signal"": ""87%"", ""frequency"": ""2.4 GHz"", ""channel"": ""11""}, ""90:14:AF:5F:9A:C0"": {""signal"": ""85%"", ""frequency"": ""2.4 GHz"", ""channel"": ""1""}, ""FC:11:65:DE:FA:C0"": {""signal"": ""82%"", ""frequency"": ""5 GHz"", ""channel"": ""100""}, ""90:14:AF:5F:9D:80"": {""signal"": ""82%"", ""frequency"": ""2.4 GHz"", ""channel"": ""11""}, ""90:14:AF:5E:F5:C0"": {""signal"": ""82%"", ""frequency"": ""2.4 GHz"", ""channel"": ""1""}, ""90:14:AF:5F:9E:70"": {""signal"": ""82%"", ""frequency"": ""5 GHz"", ""channel"": ""100""}, ""90:14:AF:5F:80:00"": {""signal"": ""81%"", ""frequency"": ""2.4 GHz"", ""channel"": ""11""}, ""FC:11:65:DF:CC:B0"": {""signal"": ""80%"", ""frequency"": ""2.4 GHz"", ""channel"": ""1""}, ""FC:11:65:DF:CC:C0"": {""signal"": ""80%"", ""frequency"": ""5 GHz"", ""channel"": ""52""}, ""FC:11:65:DE:FA:10"": {""signal"": ""79%"", ""frequency"": ""2.4 GHz"", ""channel"": ""1""}, ""90:14:AF:5F:07:F0"": {""signal"": ""79%"", ""frequency"": ""5 GHz"", ""channel"": ""56""}, ""90:14:AF:5F:15:60"": {""signal"": ""77%"", ""frequency"": ""2.4 GHz"", ""channel"": ""6""}, ""90:14:AF:5F:9A:D0"": {""signal"": ""77%"", ""frequency"": ""5 GHz"", ""channel"": ""36""}, ""90:14:AF:5F:BB:F0"": {""signal"": ""77%"", ""frequency"": ""5 GHz"", ""channel"": ""64""}, ""90:14:AF:5F:AF:A0"": {""signal"": ""75%"", ""frequency"": ""2.4 GHz"", ""channel"": ""11""}, ""FC:11:65:DF:A6:B0"": {""signal"": ""69%"", ""frequency"": ""2.4 GHz"", ""channel"": ""6""}, ""90:14:AF:5E:F5:D0"": {""signal"": ""66%"", ""frequency"": ""5 GHz"", ""channel"": ""48""}, ""90:14:AF:5F:7A:40"": {""signal"": ""66%"", ""frequency"": ""2.4 GHz"", ""channel"": ""11""}, ""FC:11:65:DF:79:90"": {""signal"": ""66%"", ""frequency"": ""2.4 GHz"", ""channel"": ""6""}, ""90:14:AF:5F:AF:B0"": {""signal"": ""63%"", ""frequency"": ""5 GHz"", ""channel"": ""149""}, ""FC:11:65:DF:78:D0"": {""signal"": ""57%"", ""frequency"": ""2.4 GHz"", ""channel"": ""6""}, ""BA:6A:40:F0:B1:19"": {""signal"": ""57%"", ""frequency"": ""2.4 GHz"", ""channel"": ""11""}, ""90:14:AF:5F:B8:80"": {""signal"": ""51%"", ""frequency"": ""2.4 GHz"", ""channel"": ""11""}, ""90:14:AF:5F:C5:00"": {""signal"": ""48%"", ""frequency"": ""2.4 GHz"", ""channel"": ""1""}, ""90:14:AF:5F:1E:C0"": {""signal"": ""48%"", ""frequency"": ""2.4 GHz"", ""channel"": ""1""}, ""90:14:AF:5F:7D:D0"": {""signal"": ""48%"", ""frequency"": ""5 GHz"", ""channel"": ""100""}, ""90:14:AF:5F:7D:C0"": {""signal"": ""45%"", ""frequency"": ""2.4 GHz"", ""channel"": ""6""}, ""90:14:AF:5F:B2:10"": {""signal"": ""42%"", ""frequency"": ""5 GHz"", ""channel"": ""136""}, ""90:14:AF:5F:B8:90"": {""signal"": ""42%"", ""frequency"": ""5 GHz"", ""channel"": ""157""}, ""FC:11:65:DF:79:A0"": {""signal"": ""33%"", ""frequency"": ""5 GHz"", ""channel"": ""36""}, ""FC:11:65:DF:78:E0"": {""signal"": ""33%"", ""frequency"": ""5 GHz"", ""channel"": ""40""}, ""90:14:AF:5F:81:70"": {""signal"": ""24%"", ""frequency"": ""5 GHz"", ""channel"": ""56""}, ""90:14:AF:5F:9D:90"": {""signal"": ""21%"", ""frequency"": ""5 GHz"", ""channel"": ""153""}, ""90:14:AF:5F:9B:D0"": {""signal"": ""18%"", ""frequency"": ""5 GHz"", ""channel"": ""48""}, ""90:14:AF:5F:15:70"": {""signal"": ""15%"", ""frequency"": ""5 GHz"", ""channel"": ""64""}, ""90:14:AF:5F:6A:10"": {""signal"": ""12%"", ""frequency"": ""5 GHz"", ""channel"": ""40""}, ""90:14:AF:5F:7A:50"": {""signal"": ""12%"", ""frequency"": ""5 GHz"", ""channel"": ""60""}}",40,2026-09-08 18:11:02
208,FC:11:65:DE:FA:B0: 89% | 90:14:AF:5F:BB:E0: 89% | 90:14:AF:5F:07:E0: 87% | 90:14:AF:5F:BB:F0: 87% | 90:14:AF:5F:9E:60: 87% | 90:14:AF:5F:9A:C0: 85% | 90:14:AF:5F:9D:90: 82% | FC:11:65:DE:FA:C0: 82% | 90:14:AF:5F:9D:80: 82% | 90:14:AF:5E:F5:C0: 82% | 90:14:AF:5F:9E:70: 82% | 90:14:AF:5F:80:00: 81% | FC:11:65:DF:CC:B0: 80% | FC:11:65:DE:FA:10: 79% | 90:14:AF:5F:07:F0: 79% | 90:14:AF:5F:9A:D0: 78% | 90:14:AF:5F:15:70: 77% | 90:14:AF:5F:15:60: 77% | 90:14:AF:5F:80:10: 76% | 90:14:AF:5F:AF:A0: 75% | FC:11:65:DF:A6:B0: 69% | 90:14:AF:5F:B8:90: 69% | 90:14:AF:5F:7A:40: 66% | FC:11:65:DF:79:90: 66% | 90:14:AF:5E:F5:D0: 66% | FC:11:65:DE:FA:20: 60% | 90:14:AF:5E:CF:B0: 60% | 90:14:AF:5F:AF:B0: 48% | 90:14:AF:5F:C5:00: 48% | 90:14:AF:5F:1E:C0: 48% | 90:14:AF:5F:7D:D0: 48% | FC:11:65:DF:A6:C0: 45% | 90:14:AF:5F:B2:10: 39% | FC:11:65:DF:79:A0: 33% | FC:11:65:DF:78:E0: 33% | 90:14:AF:5F:81:70: 24% | 90:14:AF:5F:9B:D0: 18% | 90:14:AF:5F:6A:10: 12%,"{""FC:11:65:DE:FA:B0"": {""signal"": ""89%"", ""frequency"": ""2.4 GHz"", ""channel"": ""6""}, ""90:14:AF:5F:BB:E0"": {""signal"": ""89%"", ""frequency"": ""2.4 GHz"", ""channel"": ""1""}, ""90:14:AF:5F:07:E0"": {""signal"": ""87%"", ""frequency"": ""2.4 GHz"", ""channel"": ""1""}, ""90:14:AF:5F:BB:F0"": {""signal"": ""87%"", ""frequency"": ""5 GHz"", ""channel"": ""64""}, ""90:14:AF:5F:9E:60"": {""signal"": ""87%"", ""frequency"": ""2.4 GHz"", ""channel"": ""11""}, ""90:14:AF:5F:9A:C0"": {""signal"": ""85%"", ""frequency"": ""2.4 GHz"", ""channel"": ""1""}, ""90:14:AF:5F:9D:90"": {""signal"": ""82%"", ""frequency"": ""5 GHz"", ""channel"": ""153""}, ""FC:11:65:DE:FA:C0"": {""signal"": ""82%"", ""frequency"": ""5 GHz"", ""channel"": ""100""}, ""90:14:AF:5F:9D:80"": {""signal"": ""82%"", ""frequency"": ""2.4 GHz"", ""channel"": ""11""}, ""90:14:AF:5E:F5:C0"": {""signal"": ""82%"", ""frequency"": ""2.4 GHz"", ""channel"": ""1""}, ""90:14:AF:5F:9E:70"": {""signal"": ""82%"", ""frequency"": ""5 GHz"", ""channel"": ""100""}, ""90:14:AF:5F:80:00"": {""signal"": ""81%"", ""frequency"": ""2.4 GHz"", ""channel"": ""11""}, ""FC:11:65:DF:CC:B0"": {""signal"": ""80%"", ""frequency"": ""2.4 GHz"", ""channel"": ""1""}, ""FC:11:65:DE:FA:10"": {""signal"": ""79%"", ""frequency"": ""2.4 GHz"", ""channel"": ""1""}, ""90:14:AF:5F:07:F0"": {""signal"": ""79%"", ""frequency"": ""5 GHz"", ""channel"": ""56""}, ""90:14:AF:5F:9A:D0"": {""signal"": ""78%"", ""frequency"": ""5 GHz"", ""channel"": ""36""}, ""90:14:AF:5F:15:70"": {""signal"": ""77%"", ""frequency"": ""5 GHz"", ""channel"": ""64""}, ""90:14:AF:5F:15:60"": {""signal"": ""77%"", ""frequency"": ""2.4 GHz"", ""channel"": ""6""}, ""90:14:AF:5F:80:10"": {""signal"": ""76%"", ""frequency"": ""5 GHz"", ""channel"": ""112""}, ""90:14:AF:5F:AF:A0"": {""signal"": ""75%"", ""frequency"": ""2.4 GHz"", ""channel"": ""11""}, ""FC:11:65:DF:A6:B0"": {""signal"": ""69%"", ""frequency"": ""2.4 GHz"", ""channel"": ""6""}, ""90:14:AF:5F:B8:90"": {""signal"": ""69%"", ""frequency"": ""5 GHz"", ""channel"": ""157""}, ""90:14:AF:5F:7A:40"": {""signal"": ""66%"", ""frequency"": ""2.4 GHz"", ""channel"": ""11""}, ""FC:11:65:DF:79:90"": {""signal"": ""66%"", ""frequency"": ""2.4 GHz"", ""channel"": ""6""}, ""90:14:AF:5E:F5:D0"": {""signal"": ""66%"", ""frequency"": ""5 GHz"", ""channel"": ""48""}, ""FC:11:65:DE:FA:20"": {""signal"": ""60%"", ""frequency"": ""5 GHz"", ""channel"": ""132""}, ""90:14:AF:5E:CF:B0"": {""signal"": ""60%"", ""frequency"": ""5 GHz"", ""channel"": ""64""}, ""90:14:AF:5F:AF:B0"": {""signal"": ""48%"", ""frequency"": ""5 GHz"", ""channel"": ""149""}, ""90:14:AF:5F:C5:00"": {""signal"": ""48%"", ""frequency"": ""2.4 GHz"", ""channel"": ""1""}, ""90:14:AF:5F:1E:C0"": {""signal"": ""48%"", ""frequency"": ""2.4 GHz"", ""channel"": ""1""}, ""90:14:AF:5F:7D:D0"": {""signal"": ""48%"", ""frequency"": ""5 GHz"", ""channel"": ""100""}, ""FC:11:65:DF:A6:C0"": {""signal"": ""45%"", ""frequency"": ""5 GHz"", ""channel"": ""108""}, ""90:14:AF:5F:B2:10"": {""signal"": ""39%"", ""frequency"": ""5 GHz"", ""channel"": ""136""}, ""FC:11:65:DF:79:A0"": {""signal"": ""33%"", ""frequency"": ""5 GHz"", ""channel"": ""36""}, ""FC:11:65:DF:78:E0"": {""signal"": ""33%"", ""frequency"": ""5 GHz"", ""channel"": ""40""}, ""90:14:AF:5F:81:70"": {""signal"": ""24%"", ""frequency"": ""5 GHz"", ""channel"": ""56""}, ""90:14:AF:5F:9B:D0"": {""signal"": ""18%"", ""frequency"": ""5 GHz"", ""channel"": ""48""}, ""90:14:AF:5F:6A:10"": {""signal"": ""12%"", ""frequency"": ""5 GHz"", ""channel"": ""40""}}",38,2026-09-08 18:11:22
206,90:14:AF:5F:9D:90: 87% | FC:11:65:DE:FA:B0: 87% | 90:14:AF:5F:BB:E0: 86% | FC:11:65:DE:FA:C0: 84% | 90:14:AF:5F:9D:80: 84% | 90:14:AF:5F:BB:F0: 84% | 90:14:AF:5F:9E:60: 83% | 90:14:AF:5E:F5:D0: 83% | 90:14:AF:5F:9A:C0: 81% | 90:14:AF:5F:7A:40: 80% | FC:11:65:DF:CC:B0: 80% | 90:14:AF:5F:15:70: 80% | 90:14:AF:5F:80:00: 79% | 90:14:AF:5F:AF:A0: 79% | 90:14:AF:5F:9E:70: 79% | 90:14:AF:5E:CF:A0: 79% | 90:14:AF:5F:9A:D0: 78% | 90:14:AF:5F:80:10: 77% | 90:14:AF:5F:7A:50: 77% | 90:14:AF:5F:C5:10: 76% | 90:14:AF:5F:7D:C0: 76% | 90:14:AF:5F:78:30: 76% | 90:14:AF:5F:07:F0: 75% | 90:14:AF:5E:CF:B0: 75% | FC:11:65:DE:FA:20: 75% | FC:11:65:DF:A6:B0: 75% | 90:14:AF:5F:C5:00: 75% | 90:14:AF:5F:B2:00: 72% | FC:11:65:DF:CC:C0: 72% | 90:14:AF:5F:69:90: 72% | 90:14:AF:5F:AF:B0: 69% | 90:14:AF:5F:7D:D0: 69% | FC:11:65:DF:79:A0: 66% | 90:14:AF:5F:07:90: 63% | FC:11:65:DF:79:90: 63% | 90:14:AF:5F:B8:90: 60% | 90:14:AF:5F:B8:80: 60% | 90:14:AF:5F:B2:10: 51% | 90:14:AF:5E:F7:A0: 48% | FC:11:65:DF:78:D0: 48% | FC:11:65:DF:6E:A0: 48% | 90:14:AF:5F:1E:D0: 48% | 90:14:AF:5F:15:60: 48% | 90:14:AF:5F:1E:C0: 48% | FC:11:65:DF:78:E0: 45% | FC:11:65:DF:A6:C0: 45% | 90:14:AF:5F:90:B0: 39% | 90:14:AF:5F:07:E0: 36% | FC:11:65:DE:FA:10: 30% | 90:14:AF:5F:19:B0: 27% | 90:14:AF:5F:81:70: 27% | FC:11:65:DE:FC:90: 21% | 90:14:AF:5F:9B:D0: 21% | 90:14:AF:5E:F5:C0: 18% | 90:14:AF:5E:EB:F0: 18% | 90:14:AF:5E:E4:D0: 18% | FC:11:65:DF:B1:A0: 18% | 90:14:AF:5F:6C:10: 15% | 90:14:AF:5F:6A:10: 15% | 90:14:AF:5F:69:80: 15% | 90:14:AF:5F:6C:70: 12% | 90:14:AF:5F:BB:70: 12% | FC:11:65:DF:96:A0: 12% | 90:14:AF:5F:94:F0: 12% | 90:14:AF:5E:E5:F0: 3% | 90:14:AF:5F:1F:30: 3% | 90:14:AF:5F:BC:D0: 0%,"{""90:14:AF:5F:9D:90"": {""signal"": ""87%"", ""frequency"": ""5 GHz"", ""channel"": ""153""}, ""FC:11:65:DE:FA:B0"": {""signal"": ""87%"", ""frequency"": ""2.4 GHz"", ""channel"": ""6""}, ""90:14:AF:5F:BB:E0"": {""signal"": ""86%"", ""frequency"": ""2.4 GHz"", ""channel"": ""1""}, ""FC:11:65:DE:FA:C0"": {""signal"": ""84%"", ""frequency"": ""5 GHz"", ""channel"": ""100""}, ""90:14:AF:5F:9D:80"": {""signal"": ""84%"", ""frequency"": ""2.4 GHz"", ""channel"": ""11""}, ""90:14:AF:5F:BB:F0"": {""signal"": ""84%"", ""frequency"": ""5 GHz"", ""channel"": ""64""}, ""90:14:AF:5F:9E:60"": {""signal"": ""83%"", ""frequency"": ""2.4 GHz"", ""channel"": ""11""}, ""90:14:AF:5E:F5:D0"": {""signal"": ""83%"", ""frequency"": ""5 GHz"", ""channel"": ""48""}, ""90:14:AF:5F:9A:C0"": {""signal"": ""81%"", ""frequency"": ""2.4 GHz"", ""channel"": ""1""}, ""90:14:AF:5F:7A:40"": {""signal"": ""80%"", ""frequency"": ""2.4 GHz"", ""channel"": ""11""}, ""FC:11:65:DF:CC:B0"": {""signal"": ""80%"", ""frequency"": ""2.4 GHz"", ""channel"": ""1""}, ""90:14:AF:5F:15:70"": {""signal"": ""80%"", ""frequency"": ""5 GHz"", ""channel"": ""64""}, ""90:14:AF:5F:80:00"": {""signal"": ""79%"", ""frequency"": ""2.4 GHz"", ""channel"": ""11""}, ""90:14:AF:5F:AF:A0"": {""signal"": ""79%"", ""frequency"": ""2.4 GHz"", ""channel"": ""11""}, ""90:14:AF:5F:9E:70"": {""signal"": ""79%"", ""frequency"": ""5 GHz"", ""channel"": ""100""}, ""90:14:AF:5E:CF:A0"": {""signal"": ""79%"", ""frequency"": ""2.4 GHz"", ""channel"": ""6""}, ""90:14:AF:5F:9A:D0"": {""signal"": ""78%"", ""frequency"": ""5 GHz"", ""channel"": ""36""}, ""90:14:AF:5F:80:10"": {""signal"": ""77%"", ""frequency"": ""5 GHz"", ""channel"": ""112""}, ""90:14:AF:5F:7A:50"": {""signal"": ""77%"", ""frequency"": ""5 GHz"", ""channel"": ""60""}, ""90:14:AF:5F:C5:10"": {""signal"": ""76%"", ""frequency"": ""5 GHz"", ""channel"": ""60""}, ""90:14:AF:5F:7D:C0"": {""signal"": ""76%"", ""frequency"": ""2.4 GHz"", ""channel"": ""6""}, ""90:14:AF:5F:78:30"": {""signal"": ""76%"", ""frequency"": ""5 GHz"", ""channel"": ""40""}, ""90:14:AF:5F:07:F0"": {""signal"": ""75%"", ""frequency"": ""5 GHz"", ""channel"": ""56""}, ""90:14:AF:5E:CF:B0"": {""signal"": ""75%"", ""frequency"": ""5 GHz"", ""channel"": ""64""}, ""FC:11:65:DE:FA:20"": {""signal"": ""75%"", ""frequency"": ""5 GHz"", ""channel"": ""132""}, ""FC:11:65:DF:A6:B0"": {""signal"": ""75%"", ""frequency"": ""2.4 GHz"", ""channel"": ""6""}, ""90:14:AF:5F:C5:00"": {""signal"": ""75%"", ""frequency"": ""2.4 GHz"", ""channel"": ""1""}, ""90:14:AF:5F:B2:00"": {""signal"": ""72%"", ""frequency"": ""2.4 GHz"", ""channel"": ""11""}, ""FC:11:65:DF:CC:C0"": {""signal"": ""72%"", ""frequency"": ""5 GHz"", ""channel"": ""52""}, ""90:14:AF:5F:69:90"": {""signal"": ""72%"", ""frequency"": ""5 GHz"", ""channel"": ""52""}, ""90:14:AF:5F:AF:B0"": {""signal"": ""69%"", ""frequency"": ""5 GHz"", ""channel"": ""149""}, ""90:14:AF:5F:7D:D0"": {""signal"": ""69%"", ""frequency"": ""5 GHz"", ""channel"": ""100""}, ""FC:11:65:DF:79:A0"": {""signal"": ""66%"", ""frequency"": ""5 GHz"", ""channel"": ""36""}, ""90:14:AF:5F:07:90"": {""signal"": ""63%"", ""frequency"": ""5 GHz"", ""channel"": ""56""}, ""FC:11:65:DF:79:90"": {""signal"": ""63%"", ""frequency"": ""2.4 GHz"", ""channel"": ""6""}, ""90:14:AF:5F:B8:90"": {""signal"": ""60%"", ""frequency"": ""5 GHz"", ""channel"": ""157""}, ""90:14:AF:5F:B8:80"": {""signal"": ""60%"", ""frequency"": ""2.4 GHz"", ""channel"": ""11""}, ""90:14:AF:5F:B2:10"": {""signal"": ""51%"", ""frequency"": ""5 GHz"", ""channel"": ""136""}, ""90:14:AF:5E:F7:A0"": {""signal"": ""48%"", ""frequency"": ""2.4 GHz"", ""channel"": ""1""}, ""FC:11:65:DF:78:D0"": {""signal"": ""48%"", ""frequency"": ""2.4 GHz"", ""channel"": ""6""}, ""FC:11:65:DF:6E:A0"": {""signal"": ""48%"", ""frequency"": ""5 GHz"", ""channel"": ""104""}, ""90:14:AF:5F:1E:D0"": {""signal"": ""48%"", ""frequency"": ""5 GHz"", ""channel"": ""104""}, ""90:14:AF:5F:15:60"": {""signal"": ""48%"", ""frequency"": ""2.4 GHz"", ""channel"": ""6""}, ""90:14:AF:5F:1E:C0"": {""signal"": ""48%"", ""frequency"": ""2.4 GHz"", ""channel"": ""1""}, ""FC:11:65:DF:78:E0"": {""signal"": ""45%"", ""frequency"": ""5 GHz"", ""channel"": ""40""}, ""FC:11:65:DF:A6:C0"": {""signal"": ""45%"", ""frequency"": ""5 GHz"", ""channel"": ""108""}, ""90:14:AF:5F:90:B0"": {""signal"": ""39%"", ""frequency"": ""5 GHz"", ""channel"": ""100""}, ""90:14:AF:5F:07:E0"": {""signal"": ""36%"", ""frequency"": ""2.4 GHz"", ""channel"": ""1""}, ""FC:11:65:DE:FA:10"": {""signal"": ""30%"", ""frequency"": ""2.4 GHz"", ""channel"": ""1""}, ""90:14:AF:5F:19:B0"": {""signal"": ""27%"", ""frequency"": ""5 GHz"", ""channel"": ""136""}, ""90:14:AF:5F:81:70"": {""signal"": ""27%"", ""frequency"": ""5 GHz"", ""channel"": ""56""}, ""FC:11:65:DE:FC:90"": {""signal"": ""21%"", ""frequency"": ""2.4 GHz"", ""channel"": ""11""}, ""90:14:AF:5F:9B:D0"": {""signal"": ""21%"", ""frequency"": ""5 GHz"", ""channel"": ""48""}, ""90:14:AF:5E:F5:C0"": {""signal"": ""18%"", ""frequency"": ""2.4 GHz"", ""channel"": ""1""}, ""90:14:AF:5E:EB:F0"": {""signal"": ""18%"", ""frequency"": ""5 GHz"", ""channel"": ""161""}, ""90:14:AF:5E:E4:D0"": {""signal"": ""18%"", ""frequency"": ""5 GHz"", ""channel"": ""52""}, ""FC:11:65:DF:B1:A0"": {""signal"": ""18%"", ""frequency"": ""5 GHz"", ""channel"": ""112""}, ""90:14:AF:5F:6C:10"": {""signal"": ""15%"", ""frequency"": ""5 GHz"", ""channel"": ""161""}, ""90:14:AF:5F:6A:10"": {""signal"": ""15%"", ""frequency"": ""5 GHz"", ""channel"": ""40""}, ""90:14:AF:5F:69:80"": {""signal"": ""15%"", ""frequency"": ""2.4 GHz"", ""channel"": ""1""}, ""90:14:AF:5F:6C:70"": {""signal"": ""12%"", ""frequency"": ""5 GHz"", ""channel"": ""112""}, ""90:14:AF:5F:BB:70"": {""signal"": ""12%"", ""frequency"": ""5 GHz"", ""channel"": ""64""}, ""FC:11:65:DF:96:A0"": {""signal"": ""12%"", ""frequency"": ""5 GHz"", ""channel"": ""132""}, ""90:14:AF:5F:94:F0"": {""signal"": ""12%"", ""frequency"": ""5 GHz"", ""channel"": ""120 (47 %)""}, ""90:14:AF:5E:E5:F0"": {""signal"": ""3%"", ""frequency"": ""5 GHz"", ""channel"": ""149""}, ""90:14:AF:5F:1F:30"": {""signal"": ""3%"", ""frequency"": ""5 GHz"", ""channel"": ""64""}, ""90:14:AF:5F:BC:D0"": {""signal"": ""0%"", ""frequency"": ""5 GHz"", ""channel"": ""149""}}",67,2026-09-08 18:12:21
206B,90:14:AF:5F:9D:90: 87% | FC:11:65:DE:FA:B0: 87% | 90:14:AF:5F:BB:E0: 86% | FC:11:65:DE:FA:C0: 84% | 90:14:AF:5F:9D:80: 84% | 90:14:AF:5F:BB:F0: 84% | 90:14:AF:5F:9E:60: 83% | 90:14:AF:5E:F5:D0: 83% | 90:14:AF:5F:9A:C0: 81% | 90:14:AF:5F:7A:40: 80% | FC:11:65:DF:CC:B0: 80% | 90:14:AF:5F:15:70: 80% | 90:14:AF:5F:80:00: 79% | 90:14:AF:5F:AF:A0: 79% | 90:14:AF:5F:9E:70: 79% | 90:14:AF:5E:CF:A0: 79% | 90:14:AF:5F:9A:D0: 78% | 90:14:AF:5F:80:10: 77% | 90:14:AF:5F:7A:50: 77% | 90:14:AF:5F:C5:10: 76% | 90:14:AF:5F:7D:C0: 76% | 90:14:AF:5F:78:30: 76% | 90:14:AF:5F:07:F0: 75% | 90:14:AF:5E:CF:B0: 75% | FC:11:65:DE:FA:20: 75% | FC:11:65:DF:A6:B0: 75% | 90:14:AF:5F:C5:00: 75% | 90:14:AF:5F:B2:00: 72% | FC:11:65:DF:CC:C0: 72% | 90:14:AF:5F:69:90: 72% | 90:14:AF:5F:AF:B0: 69% | 90:14:AF:5F:7D:D0: 69% | FC:11:65:DF:79:A0: 66% | 90:14:AF:5F:07:90: 63% | FC:11:65:DF:79:90: 63% | 90:14:AF:5F:B8:90: 60% | 90:14:AF:5F:B8:80: 60% | 90:14:AF:5F:B2:10: 51% | 90:14:AF:5E:F7:A0: 48% | FC:11:65:DF:78:D0: 48% | FC:11:65:DF:6E:A0: 48% | 90:14:AF:5F:1E:D0: 48% | 90:14:AF:5F:15:60: 48% | 90:14:AF:5F:1E:C0: 48% | FC:11:65:DF:78:E0: 45% | FC:11:65:DF:A6:C0: 45% | 90:14:AF:5F:90:B0: 39% | 90:14:AF:5F:07:E0: 36% | FC:11:65:DE:FA:10: 30% | 90:14:AF:5F:19:B0: 27% | 90:14:AF:5F:81:70: 27% | FC:11:65:DE:FC:90: 21% | 90:14:AF:5F:9B:D0: 21% | 90:14:AF:5E:F5:C0: 18% | 90:14:AF:5E:EB:F0: 18% | 90:14:AF:5E:E4:D0: 18% | FC:11:65:DF:B1:A0: 18% | 90:14:AF:5F:6C:10: 15% | 90:14:AF:5F:6A:10: 15% | 90:14:AF:5F:69:80: 15% | 90:14:AF:5F:6C:70: 12% | 90:14:AF:5F:BB:70: 12% | FC:11:65:DF:96:A0: 12% | 90:14:AF:5F:94:F0: 12% | 90:14:AF:5E:E5:F0: 3% | 90:14:AF:5F:1F:30: 3% | 90:14:AF:5F:BC:D0: 0%,"{""90:14:AF:5F:9D:90"": {""signal"": ""87%"", ""frequency"": ""5 GHz"", ""channel"": ""153""}, ""FC:11:65:DE:FA:B0"": {""signal"": ""87%"", ""frequency"": ""2.4 GHz"", ""channel"": ""6""}, ""90:14:AF:5F:BB:E0"": {""signal"": ""86%"", ""frequency"": ""2.4 GHz"", ""channel"": ""1""}, ""FC:11:65:DE:FA:C0"": {""signal"": ""84%"", ""frequency"": ""5 GHz"", ""channel"": ""100""}, ""90:14:AF:5F:9D:80"": {""signal"": ""84%"", ""frequency"": ""2.4 GHz"", ""channel"": ""11""}, ""90:14:AF:5F:BB:F0"": {""signal"": ""84%"", ""frequency"": ""5 GHz"", ""channel"": ""64""}, ""90:14:AF:5F:9E:60"": {""signal"": ""83%"", ""frequency"": ""2.4 GHz"", ""channel"": ""11""}, ""90:14:AF:5E:F5:D0"": {""signal"": ""83%"", ""frequency"": ""5 GHz"", ""channel"": ""48""}, ""90:14:AF:5F:9A:C0"": {""signal"": ""81%"", ""frequency"": ""2.4 GHz"", ""channel"": ""1""}, ""90:14:AF:5F:7A:40"": {""signal"": ""80%"", ""frequency"": ""2.4 GHz"", ""channel"": ""11""}, ""FC:11:65:DF:CC:B0"": {""signal"": ""80%"", ""frequency"": ""2.4 GHz"", ""channel"": ""1""}, ""90:14:AF:5F:15:70"": {""signal"": ""80%"", ""frequency"": ""5 GHz"", ""channel"": ""64""}, ""90:14:AF:5F:80:00"": {""signal"": ""79%"", ""frequency"": ""2.4 GHz"", ""channel"": ""11""}, ""90:14:AF:5F:AF:A0"": {""signal"": ""79%"", ""frequency"": ""2.4 GHz"", ""channel"": ""11""}, ""90:14:AF:5F:9E:70"": {""signal"": ""79%"", ""frequency"": ""5 GHz"", ""channel"": ""100""}, ""90:14:AF:5E:CF:A0"": {""signal"": ""79%"", ""frequency"": ""2.4 GHz"", ""channel"": ""6""}, ""90:14:AF:5F:9A:D0"": {""signal"": ""78%"", ""frequency"": ""5 GHz"", ""channel"": ""36""}, ""90:14:AF:5F:80:10"": {""signal"": ""77%"", ""frequency"": ""5 GHz"", ""channel"": ""112""}, ""90:14:AF:5F:7A:50"": {""signal"": ""77%"", ""frequency"": ""5 GHz"", ""channel"": ""60""}, ""90:14:AF:5F:C5:10"": {""signal"": ""76%"", ""frequency"": ""5 GHz"", ""channel"": ""60""}, ""90:14:AF:5F:7D:C0"": {""signal"": ""76%"", ""frequency"": ""2.4 GHz"", ""channel"": ""6""}, ""90:14:AF:5F:78:30"": {""signal"": ""76%"", ""frequency"": ""5 GHz"", ""channel"": ""40""}, ""90:14:AF:5F:07:F0"": {""signal"": ""75%"", ""frequency"": ""5 GHz"", ""channel"": ""56""}, ""90:14:AF:5E:CF:B0"": {""signal"": ""75%"", ""frequency"": ""5 GHz"", ""channel"": ""64""}, ""FC:11:65:DE:FA:20"": {""signal"": ""75%"", ""frequency"": ""5 GHz"", ""channel"": ""132""}, ""FC:11:65:DF:A6:B0"": {""signal"": ""75%"", ""frequency"": ""2.4 GHz"", ""channel"": ""6""}, ""90:14:AF:5F:C5:00"": {""signal"": ""75%"", ""frequency"": ""2.4 GHz"", ""channel"": ""1""}, ""90:14:AF:5F:B2:00"": {""signal"": ""72%"", ""frequency"": ""2.4 GHz"", ""channel"": ""11""}, ""FC:11:65:DF:CC:C0"": {""signal"": ""72%"", ""frequency"": ""5 GHz"", ""channel"": ""52""}, ""90:14:AF:5F:69:90"": {""signal"": ""72%"", ""frequency"": ""5 GHz"", ""channel"": ""52""}, ""90:14:AF:5F:AF:B0"": {""signal"": ""69%"", ""frequency"": ""5 GHz"", ""channel"": ""149""}, ""90:14:AF:5F:7D:D0"": {""signal"": ""69%"", ""frequency"": ""5 GHz"", ""channel"": ""100""}, ""FC:11:65:DF:79:A0"": {""signal"": ""66%"", ""frequency"": ""5 GHz"", ""channel"": ""36""}, ""90:14:AF:5F:07:90"": {""signal"": ""63%"", ""frequency"": ""5 GHz"", ""channel"": ""56""}, ""FC:11:65:DF:79:90"": {""signal"": ""63%"", ""frequency"": ""2.4 GHz"", ""channel"": ""6""}, ""90:14:AF:5F:B8:90"": {""signal"": ""60%"", ""frequency"": ""5 GHz"", ""channel"": ""157""}, ""90:14:AF:5F:B8:80"": {""signal"": ""60%"", ""frequency"": ""2.4 GHz"", ""channel"": ""11""}, ""90:14:AF:5F:B2:10"": {""signal"": ""51%"", ""frequency"": ""5 GHz"", ""channel"": ""136""}, ""90:14:AF:5E:F7:A0"": {""signal"": ""48%"", ""frequency"": ""2.4 GHz"", ""channel"": ""1""}, ""FC:11:65:DF:78:D0"": {""signal"": ""48%"", ""frequency"": ""2.4 GHz"", ""channel"": ""6""}, ""FC:11:65:DF:6E:A0"": {""signal"": ""48%"", ""frequency"": ""5 GHz"", ""channel"": ""104""}, ""90:14:AF:5F:1E:D0"": {""signal"": ""48%"", ""frequency"": ""5 GHz"", ""channel"": ""104""}, ""90:14:AF:5F:15:60"": {""signal"": ""48%"", ""frequency"": ""2.4 GHz"", ""channel"": ""6""}, ""90:14:AF:5F:1E:C0"": {""signal"": ""48%"", ""frequency"": ""2.4 GHz"", ""channel"": ""1""}, ""FC:11:65:DF:78:E0"": {""signal"": ""45%"", ""frequency"": ""5 GHz"", ""channel"": ""40""}, ""FC:11:65:DF:A6:C0"": {""signal"": ""45%"", ""frequency"": ""5 GHz"", ""channel"": ""108""}, ""90:14:AF:5F:90:B0"": {""signal"": ""39%"", ""frequency"": ""5 GHz"", ""channel"": ""100""}, ""90:14:AF:5F:07:E0"": {""signal"": ""36%"", ""frequency"": ""2.4 GHz"", ""channel"": ""1""}, ""FC:11:65:DE:FA:10"": {""signal"": ""30%"", ""frequency"": ""2.4 GHz"", ""channel"": ""1""}, ""90:14:AF:5F:19:B0"": {""signal"": ""27%"", ""frequency"": ""5 GHz"", ""channel"": ""136""}, ""90:14:AF:5F:81:70"": {""signal"": ""27%"", ""frequency"": ""5 GHz"", ""channel"": ""56""}, ""FC:11:65:DE:FC:90"": {""signal"": ""21%"", ""frequency"": ""2.4 GHz"", ""channel"": ""11""}, ""90:14:AF:5F:9B:D0"": {""signal"": ""21%"", ""frequency"": ""5 GHz"", ""channel"": ""48""}, ""90:14:AF:5E:F5:C0"": {""signal"": ""18%"", ""frequency"": ""2.4 GHz"", ""channel"": ""1""}, ""90:14:AF:5E:EB:F0"": {""signal"": ""18%"", ""frequency"": ""5 GHz"", ""channel"": ""161""}, ""90:14:AF:5E:E4:D0"": {""signal"": ""18%"", ""frequency"": ""5 GHz"", ""channel"": ""52""}, ""FC:11:65:DF:B1:A0"": {""signal"": ""18%"", ""frequency"": ""5 GHz"", ""channel"": ""112""}, ""90:14:AF:5F:6C:10"": {""signal"": ""15%"", ""frequency"": ""5 GHz"", ""channel"": ""161""}, ""90:14:AF:5F:6A:10"": {""signal"": ""15%"", ""frequency"": ""5 GHz"", ""channel"": ""40""}, ""90:14:AF:5F:69:80"": {""signal"": ""15%"", ""frequency"": ""2.4 GHz"", ""channel"": ""1""}, ""90:14:AF:5F:6C:70"": {""signal"": ""12%"", ""frequency"": ""5 GHz"", ""channel"": ""112""}, ""90:14:AF:5F:BB:70"": {""signal"": ""12%"", ""frequency"": ""5 GHz"", ""channel"": ""64""}, ""FC:11:65:DF:96:A0"": {""signal"": ""12%"", ""frequency"": ""5 GHz"", ""channel"": ""132""}, ""90:14:AF:5F:94:F0"": {""signal"": ""12%"", ""frequency"": ""5 GHz"", ""channel"": ""120 (47 %)""}, ""90:14:AF:5E:E5:F0"": {""signal"": ""3%"", ""frequency"": ""5 GHz"", ""channel"": ""149""}, ""90:14:AF:5F:1F:30"": {""signal"": ""3%"", ""frequency"": ""5 GHz"", ""channel"": ""64""}, ""90:14:AF:5F:BC:D0"": {""signal"": ""0%"", ""frequency"": ""5 GHz"", ""channel"": ""149""}}",67,2026-09-08 18:12:33
209,90:14:AF:5F:80:10: 88% | 90:14:AF:5F:80:00: 88% | FC:11:65:DE:FA:20: 87% | FC:11:65:DE:FA:10: 87% | FC:11:65:DE:FA:B0: 87% | 90:14:AF:5F:AF:B0: 85% | 90:14:AF:5F:B2:10: 83% | 90:14:AF:5F:9E:60: 83% | 90:14:AF:5E:F5:D0: 83% | 90:14:AF:5F:9D:90: 82% | 90:14:AF:5F:9D:80: 82% | 90:14:AF:5F:BB:E0: 79% | 90:14:AF:5E:CF:A0: 79% | 90:14:AF:5F:7A:50: 77% | 90:14:AF:5F:9A:C0: 76% | 90:14:AF:5F:C5:10: 76% | 90:14:AF:5F:7D:C0: 76% | 90:14:AF:5F:78:30: 76% | 90:14:AF:5F:15:70: 75% | 90:14:AF:5F:07:E0: 75% | FC:11:65:DF:A6:B0: 75% | 90:14:AF:5F:BB:F0: 72% | 90:14:AF:5F:C5:00: 72% | 90:14:AF:5F:B2:00: 72% | FC:11:65:DF:CC:C0: 72% | 90:14:AF:5F:69:90: 72% | 90:14:AF:5F:9E:70: 66% | 90:14:AF:5F:07:90: 63% | FC:11:65:DF:79:90: 63% | 90:14:AF:5F:B8:80: 60% | 90:14:AF:5F:B8:90: 54% | 90:14:AF:5E:CF:B0: 54% | FC:11:65:DF:CC:B0: 54% | 90:14:AF:5F:9B:D0: 54% | 90:14:AF:5F:9A:D0: 54% | FC:11:65:DE:FA:C0: 54% | 90:14:AF:5F:81:60: 54% | 90:14:AF:5F:7D:D0: 48% | 90:14:AF:5E:F7:A0: 48% | FC:11:65:DF:78:D0: 48% | FC:11:65:DF:6E:A0: 48% | 90:14:AF:5F:1E:D0: 48% | 90:14:AF:5F:7A:40: 45% | 90:14:AF:5F:07:F0: 45% | FC:11:65:DF:78:E0: 45% | 90:14:AF:5F:6A:10: 42% | 90:14:AF:5E:EB:F0: 42% | 90:14:AF:5F:81:70: 39% | 90:14:AF:5F:AF:A0: 33% | 90:14:AF:5F:19:B0: 30% | 90:14:AF:5F:BB:70: 30% | FC:11:65:DF:79:A0: 30% | 90:14:AF:5F:15:60: 27% | 90:14:AF:5E:E3:F0: 27% | 90:14:AF:5F:1F:30: 27% | 90:14:AF:5F:90:B0: 27% | FC:11:65:DE:FC:A0: 21% | FC:11:65:DF:B1:A0: 21% | FC:11:65:DE:FC:90: 21% | 90:14:AF:5F:A0:D0: 18% | 90:14:AF:5E:F5:C0: 18% | 90:14:AF:5E:E4:D0: 18% | 90:14:AF:5F:6C:10: 15% | 90:14:AF:5F:69:80: 15% | FC:11:65:DF:6E:90: 12% | 90:14:AF:5F:BC:D0: 12% | 90:14:AF:5F:6C:70: 12% | FC:11:65:DF:96:A0: 12% | 90:14:AF:5F:94:F0: 12% | 90:14:AF:5E:E5:F0: 3%,"{""90:14:AF:5F:80:10"": {""signal"": ""88%"", ""frequency"": ""5 GHz"", ""channel"": ""112""}, ""90:14:AF:5F:80:00"": {""signal"": ""88%"", ""frequency"": ""2.4 GHz"", ""channel"": ""11""}, ""FC:11:65:DE:FA:20"": {""signal"": ""87%"", ""frequency"": ""5 GHz"", ""channel"": ""132""}, ""FC:11:65:DE:FA:10"": {""signal"": ""87%"", ""frequency"": ""2.4 GHz"", ""channel"": ""1""}, ""FC:11:65:DE:FA:B0"": {""signal"": ""87%"", ""frequency"": ""2.4 GHz"", ""channel"": ""6""}, ""90:14:AF:5F:AF:B0"": {""signal"": ""85%"", ""frequency"": ""5 GHz"", ""channel"": ""149""}, ""90:14:AF:5F:B2:10"": {""signal"": ""83%"", ""frequency"": ""5 GHz"", ""channel"": ""136""}, ""90:14:AF:5F:9E:60"": {""signal"": ""83%"", ""frequency"": ""2.4 GHz"", ""channel"": ""11""}, ""90:14:AF:5E:F5:D0"": {""signal"": ""83%"", ""frequency"": ""5 GHz"", ""channel"": ""48""}, ""90:14:AF:5F:9D:90"": {""signal"": ""82%"", ""frequency"": ""5 GHz"", ""channel"": ""153""}, ""90:14:AF:5F:9D:80"": {""signal"": ""82%"", ""frequency"": ""2.4 GHz"", ""channel"": ""11""}, ""90:14:AF:5F:BB:E0"": {""signal"": ""79%"", ""frequency"": ""2.4 GHz"", ""channel"": ""1""}, ""90:14:AF:5E:CF:A0"": {""signal"": ""79%"", ""frequency"": ""2.4 GHz"", ""channel"": ""6""}, ""90:14:AF:5F:7A:50"": {""signal"": ""77%"", ""frequency"": ""5 GHz"", ""channel"": ""60""}, ""90:14:AF:5F:9A:C0"": {""signal"": ""76%"", ""frequency"": ""2.4 GHz"", ""channel"": ""1""}, ""90:14:AF:5F:C5:10"": {""signal"": ""76%"", ""frequency"": ""5 GHz"", ""channel"": ""60""}, ""90:14:AF:5F:7D:C0"": {""signal"": ""76%"", ""frequency"": ""2.4 GHz"", ""channel"": ""6""}, ""90:14:AF:5F:78:30"": {""signal"": ""76%"", ""frequency"": ""5 GHz"", ""channel"": ""40""}, ""90:14:AF:5F:15:70"": {""signal"": ""75%"", ""frequency"": ""5 GHz"", ""channel"": ""64""}, ""90:14:AF:5F:07:E0"": {""signal"": ""75%"", ""frequency"": ""2.4 GHz"", ""channel"": ""1""}, ""FC:11:65:DF:A6:B0"": {""signal"": ""75%"", ""frequency"": ""2.4 GHz"", ""channel"": ""6""}, ""90:14:AF:5F:BB:F0"": {""signal"": ""72%"", ""frequency"": ""5 GHz"", ""channel"": ""64""}, ""90:14:AF:5F:C5:00"": {""signal"": ""72%"", ""frequency"": ""2.4 GHz"", ""channel"": ""1""}, ""90:14:AF:5F:B2:00"": {""signal"": ""72%"", ""frequency"": ""2.4 GHz"", ""channel"": ""11""}, ""FC:11:65:DF:CC:C0"": {""signal"": ""72%"", ""frequency"": ""5 GHz"", ""channel"": ""52""}, ""90:14:AF:5F:69:90"": {""signal"": ""72%"", ""frequency"": ""5 GHz"", ""channel"": ""52""}, ""90:14:AF:5F:9E:70"": {""signal"": ""66%"", ""frequency"": ""5 GHz"", ""channel"": ""100""}, ""90:14:AF:5F:07:90"": {""signal"": ""63%"", ""frequency"": ""5 GHz"", ""channel"": ""56""}, ""FC:11:65:DF:79:90"": {""signal"": ""63%"", ""frequency"": ""2.4 GHz"", ""channel"": ""6""}, ""90:14:AF:5F:B8:80"": {""signal"": ""60%"", ""frequency"": ""2.4 GHz"", ""channel"": ""11""}, ""90:14:AF:5F:B8:90"": {""signal"": ""54%"", ""frequency"": ""5 GHz"", ""channel"": ""157""}, ""90:14:AF:5E:CF:B0"": {""signal"": ""54%"", ""frequency"": ""5 GHz"", ""channel"": ""64""}, ""FC:11:65:DF:CC:B0"": {""signal"": ""54%"", ""frequency"": ""2.4 GHz"", ""channel"": ""1""}, ""90:14:AF:5F:9B:D0"": {""signal"": ""54%"", ""frequency"": ""5 GHz"", ""channel"": ""48""}, ""90:14:AF:5F:9A:D0"": {""signal"": ""54%"", ""frequency"": ""5 GHz"", ""channel"": ""36""}, ""FC:11:65:DE:FA:C0"": {""signal"": ""54%"", ""frequency"": ""5 GHz"", ""channel"": ""100""}, ""90:14:AF:5F:81:60"": {""signal"": ""54%"", ""frequency"": ""2.4 GHz"", ""channel"": ""11""}, ""90:14:AF:5F:7D:D0"": {""signal"": ""48%"", ""frequency"": ""5 GHz"", ""channel"": ""100""}, ""90:14:AF:5E:F7:A0"": {""signal"": ""48%"", ""frequency"": ""2.4 GHz"", ""channel"": ""1""}, ""FC:11:65:DF:78:D0"": {""signal"": ""48%"", ""frequency"": ""2.4 GHz"", ""channel"": ""6""}, ""FC:11:65:DF:6E:A0"": {""signal"": ""48%"", ""frequency"": ""5 GHz"", ""channel"": ""104""}, ""90:14:AF:5F:1E:D0"": {""signal"": ""48%"", ""frequency"": ""5 GHz"", ""channel"": ""104""}, ""90:14:AF:5F:7A:40"": {""signal"": ""45%"", ""frequency"": ""2.4 GHz"", ""channel"": ""11""}, ""90:14:AF:5F:07:F0"": {""signal"": ""45%"", ""frequency"": ""5 GHz"", ""channel"": ""56""}, ""FC:11:65:DF:78:E0"": {""signal"": ""45%"", ""frequency"": ""5 GHz"", ""channel"": ""40""}, ""90:14:AF:5F:6A:10"": {""signal"": ""42%"", ""frequency"": ""5 GHz"", ""channel"": ""40""}, ""90:14:AF:5E:EB:F0"": {""signal"": ""42%"", ""frequency"": ""5 GHz"", ""channel"": ""161""}, ""90:14:AF:5F:81:70"": {""signal"": ""39%"", ""frequency"": ""5 GHz"", ""channel"": ""56""}, ""90:14:AF:5F:AF:A0"": {""signal"": ""33%"", ""frequency"": ""2.4 GHz"", ""channel"": ""11""}, ""90:14:AF:5F:19:B0"": {""signal"": ""30%"", ""frequency"": ""5 GHz"", ""channel"": ""136""}, ""90:14:AF:5F:BB:70"": {""signal"": ""30%"", ""frequency"": ""5 GHz"", ""channel"": ""64""}, ""FC:11:65:DF:79:A0"": {""signal"": ""30%"", ""frequency"": ""5 GHz"", ""channel"": ""36""}, ""90:14:AF:5F:15:60"": {""signal"": ""27%"", ""frequency"": ""2.4 GHz"", ""channel"": ""6""}, ""90:14:AF:5E:E3:F0"": {""signal"": ""27%"", ""frequency"": ""5 GHz"", ""channel"": ""149""}, ""90:14:AF:5F:1F:30"": {""signal"": ""27%"", ""frequency"": ""5 GHz"", ""channel"": ""64""}, ""90:14:AF:5F:90:B0"": {""signal"": ""27%"", ""frequency"": ""5 GHz"", ""channel"": ""100""}, ""FC:11:65:DE:FC:A0"": {""signal"": ""21%"", ""frequency"": ""5 GHz"", ""channel"": ""64""}, ""FC:11:65:DF:B1:A0"": {""signal"": ""21%"", ""frequency"": ""5 GHz"", ""channel"": ""112""}, ""FC:11:65:DE:FC:90"": {""signal"": ""21%"", ""frequency"": ""2.4 GHz"", ""channel"": ""11""}, ""90:14:AF:5F:A0:D0"": {""signal"": ""18%"", ""frequency"": ""5 GHz"", ""channel"": ""153""}, ""90:14:AF:5E:F5:C0"": {""signal"": ""18%"", ""frequency"": ""2.4 GHz"", ""channel"": ""1""}, ""90:14:AF:5E:E4:D0"": {""signal"": ""18%"", ""frequency"": ""5 GHz"", ""channel"": ""52""}, ""90:14:AF:5F:6C:10"": {""signal"": ""15%"", ""frequency"": ""5 GHz"", ""channel"": ""161""}, ""90:14:AF:5F:69:80"": {""signal"": ""15%"", ""frequency"": ""2.4 GHz"", ""channel"": ""1""}, ""FC:11:65:DF:6E:90"": {""signal"": ""12%"", ""frequency"": ""2.4 GHz"", ""channel"": ""6""}, ""90:14:AF:5F:BC:D0"": {""signal"": ""12%"", ""frequency"": ""5 GHz"", ""channel"": ""149""}, ""90:14:AF:5F:6C:70"": {""signal"": ""12%"", ""frequency"": ""5 GHz"", ""channel"": ""112""}, ""FC:11:65:DF:96:A0"": {""signal"": ""12%"", ""frequency"": ""5 GHz"", ""channel"": ""132""}, ""90:14:AF:5F:94:F0"": {""signal"": ""12%"", ""frequency"": ""5 GHz"", ""channel"": ""120 (47 %)""}, ""90:14:AF:5E:E5:F0"": {""signal"": ""3%"", ""frequency"": ""5 GHz"", ""channel"": ""149""}}",70,2026-09-08 18:13:20
209 B,90:14:AF:5F:80:10: 88% | 90:14:AF:5F:80:00: 88% | FC:11:65:DE:FA:20: 87% | FC:11:65:DE:FA:10: 87% | FC:11:65:DE:FA:B0: 87% | 90:14:AF:5F:AF:B0: 85% | 90:14:AF:5F:B2:10: 83% | 90:14:AF:5F:9E:60: 83% | 90:14:AF:5E:F5:D0: 83% | 90:14:AF:5F:9D:90: 82% | 90:14:AF:5F:9D:80: 82% | 90:14:AF:5F:BB:E0: 79% | 90:14:AF:5E:CF:A0: 79% | 90:14:AF:5F:7A:50: 77% | 90:14:AF:5F:9A:C0: 76% | 90:14:AF:5F:C5:10: 76% | 90:14:AF:5F:7D:C0: 76% | 90:14:AF:5F:78:30: 76% | 90:14:AF:5F:15:70: 75% | 90:14:AF:5F:07:E0: 75% | FC:11:65:DF:A6:B0: 75% | 90:14:AF:5F:BB:F0: 72% | 90:14:AF:5F:C5:00: 72% | 90:14:AF:5F:B2:00: 72% | FC:11:65:DF:CC:C0: 72% | 90:14:AF:5F:69:90: 72% | 90:14:AF:5F:9E:70: 66% | 90:14:AF:5F:07:90: 63% | FC:11:65:DF:79:90: 63% | 90:14:AF:5F:B8:80: 60% | 90:14:AF:5F:B8:90: 54% | 90:14:AF:5E:CF:B0: 54% | FC:11:65:DF:CC:B0: 54% | 90:14:AF:5F:9B:D0: 54% | 90:14:AF:5F:9A:D0: 54% | FC:11:65:DE:FA:C0: 54% | 90:14:AF:5F:81:60: 54% | 90:14:AF:5F:7D:D0: 48% | 90:14:AF:5E:F7:A0: 48% | FC:11:65:DF:78:D0: 48% | FC:11:65:DF:6E:A0: 48% | 90:14:AF:5F:1E:D0: 48% | 90:14:AF:5F:7A:40: 45% | 90:14:AF:5F:07:F0: 45% | FC:11:65:DF:78:E0: 45% | 90:14:AF:5F:6A:10: 42% | 90:14:AF:5E:EB:F0: 42% | 90:14:AF:5F:81:70: 39% | 90:14:AF:5F:AF:A0: 33% | 90:14:AF:5F:19:B0: 30% | 90:14:AF:5F:BB:70: 30% | FC:11:65:DF:79:A0: 30% | 90:14:AF:5F:15:60: 27% | 90:14:AF:5E:E3:F0: 27% | 90:14:AF:5F:1F:30: 27% | 90:14:AF:5F:90:B0: 27% | FC:11:65:DE:FC:A0: 21% | FC:11:65:DF:B1:A0: 21% | FC:11:65:DE:FC:90: 21% | 90:14:AF:5F:A0:D0: 18% | 90:14:AF:5E:F5:C0: 18% | 90:14:AF:5E:E4:D0: 18% | 90:14:AF:5F:6C:10: 15% | 90:14:AF:5F:69:80: 15% | FC:11:65:DF:6E:90: 12% | 90:14:AF:5F:BC:D0: 12% | 90:14:AF:5F:6C:70: 12% | FC:11:65:DF:96:A0: 12% | 90:14:AF:5F:94:F0: 12% | 90:14:AF:5E:E5:F0: 3%,"{""90:14:AF:5F:80:10"": {""signal"": ""88%"", ""frequency"": ""5 GHz"", ""channel"": ""112""}, ""90:14:AF:5F:80:00"": {""signal"": ""88%"", ""frequency"": ""2.4 GHz"", ""channel"": ""11""}, ""FC:11:65:DE:FA:20"": {""signal"": ""87%"", ""frequency"": ""5 GHz"", ""channel"": ""132""}, ""FC:11:65:DE:FA:10"": {""signal"": ""87%"", ""frequency"": ""2.4 GHz"", ""channel"": ""1""}, ""FC:11:65:DE:FA:B0"": {""signal"": ""87%"", ""frequency"": ""2.4 GHz"", ""channel"": ""6""}, ""90:14:AF:5F:AF:B0"": {""signal"": ""85%"", ""frequency"": ""5 GHz"", ""channel"": ""149""}, ""90:14:AF:5F:B2:10"": {""signal"": ""83%"", ""frequency"": ""5 GHz"", ""channel"": ""136""}, ""90:14:AF:5F:9E:60"": {""signal"": ""83%"", ""frequency"": ""2.4 GHz"", ""channel"": ""11""}, ""90:14:AF:5E:F5:D0"": {""signal"": ""83%"", ""frequency"": ""5 GHz"", ""channel"": ""48""}, ""90:14:AF:5F:9D:90"": {""signal"": ""82%"", ""frequency"": ""5 GHz"", ""channel"": ""153""}, ""90:14:AF:5F:9D:80"": {""signal"": ""82%"", ""frequency"": ""2.4 GHz"", ""channel"": ""11""}, ""90:14:AF:5F:BB:E0"": {""signal"": ""79%"", ""frequency"": ""2.4 GHz"", ""channel"": ""1""}, ""90:14:AF:5E:CF:A0"": {""signal"": ""79%"", ""frequency"": ""2.4 GHz"", ""channel"": ""6""}, ""90:14:AF:5F:7A:50"": {""signal"": ""77%"", ""frequency"": ""5 GHz"", ""channel"": ""60""}, ""90:14:AF:5F:9A:C0"": {""signal"": ""76%"", ""frequency"": ""2.4 GHz"", ""channel"": ""1""}, ""90:14:AF:5F:C5:10"": {""signal"": ""76%"", ""frequency"": ""5 GHz"", ""channel"": ""60""}, ""90:14:AF:5F:7D:C0"": {""signal"": ""76%"", ""frequency"": ""2.4 GHz"", ""channel"": ""6""}, ""90:14:AF:5F:78:30"": {""signal"": ""76%"", ""frequency"": ""5 GHz"", ""channel"": ""40""}, ""90:14:AF:5F:15:70"": {""signal"": ""75%"", ""frequency"": ""5 GHz"", ""channel"": ""64""}, ""90:14:AF:5F:07:E0"": {""signal"": ""75%"", ""frequency"": ""2.4 GHz"", ""channel"": ""1""}, ""FC:11:65:DF:A6:B0"": {""signal"": ""75%"", ""frequency"": ""2.4 GHz"", ""channel"": ""6""}, ""90:14:AF:5F:BB:F0"": {""signal"": ""72%"", ""frequency"": ""5 GHz"", ""channel"": ""64""}, ""90:14:AF:5F:C5:00"": {""signal"": ""72%"", ""frequency"": ""2.4 GHz"", ""channel"": ""1""}, ""90:14:AF:5F:B2:00"": {""signal"": ""72%"", ""frequency"": ""2.4 GHz"", ""channel"": ""11""}, ""FC:11:65:DF:CC:C0"": {""signal"": ""72%"", ""frequency"": ""5 GHz"", ""channel"": ""52""}, ""90:14:AF:5F:69:90"": {""signal"": ""72%"", ""frequency"": ""5 GHz"", ""channel"": ""52""}, ""90:14:AF:5F:9E:70"": {""signal"": ""66%"", ""frequency"": ""5 GHz"", ""channel"": ""100""}, ""90:14:AF:5F:07:90"": {""signal"": ""63%"", ""frequency"": ""5 GHz"", ""channel"": ""56""}, ""FC:11:65:DF:79:90"": {""signal"": ""63%"", ""frequency"": ""2.4 GHz"", ""channel"": ""6""}, ""90:14:AF:5F:B8:80"": {""signal"": ""60%"", ""frequency"": ""2.4 GHz"", ""channel"": ""11""}, ""90:14:AF:5F:B8:90"": {""signal"": ""54%"", ""frequency"": ""5 GHz"", ""channel"": ""157""}, ""90:14:AF:5E:CF:B0"": {""signal"": ""54%"", ""frequency"": ""5 GHz"", ""channel"": ""64""}, ""FC:11:65:DF:CC:B0"": {""signal"": ""54%"", ""frequency"": ""2.4 GHz"", ""channel"": ""1""}, ""90:14:AF:5F:9B:D0"": {""signal"": ""54%"", ""frequency"": ""5 GHz"", ""channel"": ""48""}, ""90:14:AF:5F:9A:D0"": {""signal"": ""54%"", ""frequency"": ""5 GHz"", ""channel"": ""36""}, ""FC:11:65:DE:FA:C0"": {""signal"": ""54%"", ""frequency"": ""5 GHz"", ""channel"": ""100""}, ""90:14:AF:5F:81:60"": {""signal"": ""54%"", ""frequency"": ""2.4 GHz"", ""channel"": ""11""}, ""90:14:AF:5F:7D:D0"": {""signal"": ""48%"", ""frequency"": ""5 GHz"", ""channel"": ""100""}, ""90:14:AF:5E:F7:A0"": {""signal"": ""48%"", ""frequency"": ""2.4 GHz"", ""channel"": ""1""}, ""FC:11:65:DF:78:D0"": {""signal"": ""48%"", ""frequency"": ""2.4 GHz"", ""channel"": ""6""}, ""FC:11:65:DF:6E:A0"": {""signal"": ""48%"", ""frequency"": ""5 GHz"", ""channel"": ""104""}, ""90:14:AF:5F:1E:D0"": {""signal"": ""48%"", ""frequency"": ""5 GHz"", ""channel"": ""104""}, ""90:14:AF:5F:7A:40"": {""signal"": ""45%"", ""frequency"": ""2.4 GHz"", ""channel"": ""11""}, ""90:14:AF:5F:07:F0"": {""signal"": ""45%"", ""frequency"": ""5 GHz"", ""channel"": ""56""}, ""FC:11:65:DF:78:E0"": {""signal"": ""45%"", ""frequency"": ""5 GHz"", ""channel"": ""40""}, ""90:14:AF:5F:6A:10"": {""signal"": ""42%"", ""frequency"": ""5 GHz"", ""channel"": ""40""}, ""90:14:AF:5E:EB:F0"": {""signal"": ""42%"", ""frequency"": ""5 GHz"", ""channel"": ""161""}, ""90:14:AF:5F:81:70"": {""signal"": ""39%"", ""frequency"": ""5 GHz"", ""channel"": ""56""}, ""90:14:AF:5F:AF:A0"": {""signal"": ""33%"", ""frequency"": ""2.4 GHz"", ""channel"": ""11""}, ""90:14:AF:5F:19:B0"": {""signal"": ""30%"", ""frequency"": ""5 GHz"", ""channel"": ""136""}, ""90:14:AF:5F:BB:70"": {""signal"": ""30%"", ""frequency"": ""5 GHz"", ""channel"": ""64""}, ""FC:11:65:DF:79:A0"": {""signal"": ""30%"", ""frequency"": ""5 GHz"", ""channel"": ""36""}, ""90:14:AF:5F:15:60"": {""signal"": ""27%"", ""frequency"": ""2.4 GHz"", ""channel"": ""6""}, ""90:14:AF:5E:E3:F0"": {""signal"": ""27%"", ""frequency"": ""5 GHz"", ""channel"": ""149""}, ""90:14:AF:5F:1F:30"": {""signal"": ""27%"", ""frequency"": ""5 GHz"", ""channel"": ""64""}, ""90:14:AF:5F:90:B0"": {""signal"": ""27%"", ""frequency"": ""5 GHz"", ""channel"": ""100""}, ""FC:11:65:DE:FC:A0"": {""signal"": ""21%"", ""frequency"": ""5 GHz"", ""channel"": ""64""}, ""FC:11:65:DF:B1:A0"": {""signal"": ""21%"", ""frequency"": ""5 GHz"", ""channel"": ""112""}, ""FC:11:65:DE:FC:90"": {""signal"": ""21%"", ""frequency"": ""2.4 GHz"", ""channel"": ""11""}, ""90:14:AF:5F:A0:D0"": {""signal"": ""18%"", ""frequency"": ""5 GHz"", ""channel"": ""153""}, ""90:14:AF:5E:F5:C0"": {""signal"": ""18%"", ""frequency"": ""2.4 GHz"", ""channel"": ""1""}, ""90:14:AF:5E:E4:D0"": {""signal"": ""18%"", ""frequency"": ""5 GHz"", ""channel"": ""52""}, ""90:14:AF:5F:6C:10"": {""signal"": ""15%"", ""frequency"": ""5 GHz"", ""channel"": ""161""}, ""90:14:AF:5F:69:80"": {""signal"": ""15%"", ""frequency"": ""2.4 GHz"", ""channel"": ""1""}, ""FC:11:65:DF:6E:90"": {""signal"": ""12%"", ""frequency"": ""2.4 GHz"", ""channel"": ""6""}, ""90:14:AF:5F:BC:D0"": {""signal"": ""12%"", ""frequency"": ""5 GHz"", ""channel"": ""149""}, ""90:14:AF:5F:6C:70"": {""signal"": ""12%"", ""frequency"": ""5 GHz"", ""channel"": ""112""}, ""FC:11:65:DF:96:A0"": {""signal"": ""12%"", ""frequency"": ""5 GHz"", ""channel"": ""132""}, ""90:14:AF:5F:94:F0"": {""signal"": ""12%"", ""frequency"": ""5 GHz"", ""channel"": ""120 (47 %)""}, ""90:14:AF:5E:E5:F0"": {""signal"": ""3%"", ""frequency"": ""5 GHz"", ""channel"": ""149""}}",70,2026-09-08 18:13:36
210,90:14:AF:5F:81:60: 89% | 90:14:AF:5F:80:10: 88% | FC:11:65:DF:B1:90: 87% | 90:14:AF:5F:6A:E0: 87% | 90:14:AF:5F:1F:20: 87% | 90:14:AF:5F:9B:C0: 87% | FC:11:65:DE:FA:10: 87% | 90:14:AF:5F:6A:F0: 85% | 90:14:AF:5F:BB:60: 85% | 90:14:AF:5E:E4:C0: 85% | 90:14:AF:5F:80:00: 84% | 90:14:AF:5F:9D:80: 82% | FC:11:65:DF:B1:A0: 80% | FC:11:65:DF:6E:90: 80% | 90:14:AF:5F:B2:00: 80% | 90:14:AF:5E:EB:E0: 79% | 90:14:AF:5F:6A:10: 79% | 90:14:AF:5F:7A:40: 79% | 90:14:AF:5F:BB:E0: 79% | 90:14:AF:5F:6C:60: 78% | 90:14:AF:5F:BC:D0: 78% | 90:14:AF:5F:8E:60: 77% | 90:14:AF:5F:B6:20: 77% | 90:14:AF:5F:76:80: 77% | 90:14:AF:5F:9A:C0: 76% | 90:14:AF:5F:BB:70: 75% | 90:14:AF:5F:15:70: 75% | 90:14:AF:5F:07:E0: 75% | 90:14:AF:5F:C5:00: 72% | FC:11:65:DE:E9:90: 69% | 90:14:AF:5F:6C:00: 69% | 90:14:AF:5F:BC:C0: 63% | 90:14:AF:5F:15:60: 63% | FC:11:65:DF:84:30: 63% | 90:14:AF:5E:E3:E0: 63% | 90:14:AF:5F:AF:A0: 63% | 90:14:AF:5F:6D:30: 63% | 90:14:AF:5F:9B:D0: 60% | 90:14:AF:5F:1F:30: 57% | 90:14:AF:5F:6C:70: 57% | 90:14:AF:5F:97:00: 54% | 90:14:AF:5F:6C:10: 54% | FC:11:65:DE:FA:20: 54% | 90:14:AF:5F:B8:90: 54% | 90:14:AF:5E:D9:60: 51% | FC:11:65:DF:CC:B0: 48% | 90:14:AF:5F:A0:D0: 48% | 90:14:AF:5E:EB:F0: 48% | 90:14:AF:5E:E4:D0: 48% | 90:14:AF:5F:7D:D0: 48% | 90:14:AF:5F:C5:10: 45% | 90:14:AF:5E:E3:F0: 45% | 90:14:AF:5F:7A:50: 45% | FC:11:65:DF:96:A0: 45% | 90:14:AF:5F:07:F0: 45% | 90:14:AF:5E:D9:70: 42% | 90:14:AF:5F:B1:10: 42% | 90:14:AF:5F:B2:10: 39% | FC:11:65:DF:6E:A0: 39% | 90:14:AF:5F:81:70: 39% | FC:11:65:DF:84:40: 36% | 90:14:AF:5F:7C:A0: 33% | 90:14:AF:5F:8E:70: 30% | FC:11:65:DF:79:A0: 30% | 90:14:AF:5F:6A:00: 30% | 90:14:AF:5F:AF:B0: 30% | 90:14:AF:5F:19:B0: 30% | FC:11:65:DE:FA:C0: 27% | FC:11:65:DE:FC:A0: 27% | 90:14:AF:5F:BB:F0: 27% | 90:14:AF:5F:90:B0: 27% | 90:14:AF:5F:9A:D0: 24% | 90:14:AF:5F:9E:70: 24% | FC:11:65:DE:E9:A0: 21% | FC:11:65:DF:CC:00: 21% | B4:A2:5C:A1:DB:10: 18% | 90:14:AF:5F:76:90: 12% | 90:14:AF:5F:7C:B0: 12% | 90:14:AF:5F:9D:90: 3% | 90:14:AF:5E:CF:B0: 3%,"{""90:14:AF:5F:81:60"": {""signal"": ""89%"", ""frequency"": ""2.4 GHz"", ""channel"": ""11""}, ""90:14:AF:5F:80:10"": {""signal"": ""88%"", ""frequency"": ""5 GHz"", ""channel"": ""112""}, ""FC:11:65:DF:B1:90"": {""signal"": ""87%"", ""frequency"": ""2.4 GHz"", ""channel"": ""1""}, ""90:14:AF:5F:6A:E0"": {""signal"": ""87%"", ""frequency"": ""2.4 GHz"", ""channel"": ""11""}, ""90:14:AF:5F:1F:20"": {""signal"": ""87%"", ""frequency"": ""2.4 GHz"", ""channel"": ""1""}, ""90:14:AF:5F:9B:C0"": {""signal"": ""87%"", ""frequency"": ""2.4 GHz"", ""channel"": ""6""}, ""FC:11:65:DE:FA:10"": {""signal"": ""87%"", ""frequency"": ""2.4 GHz"", ""channel"": ""1""}, ""90:14:AF:5F:6A:F0"": {""signal"": ""85%"", ""frequency"": ""5 GHz"", ""channel"": ""104""}, ""90:14:AF:5F:BB:60"": {""signal"": ""85%"", ""frequency"": ""2.4 GHz"", ""channel"": ""11""}, ""90:14:AF:5E:E4:C0"": {""signal"": ""85%"", ""frequency"": ""2.4 GHz"", ""channel"": ""6""}, ""90:14:AF:5F:80:00"": {""signal"": ""84%"", ""frequency"": ""2.4 GHz"", ""channel"": ""11""}, ""90:14:AF:5F:9D:80"": {""signal"": ""82%"", ""frequency"": ""2.4 GHz"", ""channel"": ""11""}, ""FC:11:65:DF:B1:A0"": {""signal"": ""80%"", ""frequency"": ""5 GHz"", ""channel"": ""112""}, ""FC:11:65:DF:6E:90"": {""signal"": ""80%"", ""frequency"": ""2.4 GHz"", ""channel"": ""6""}, ""90:14:AF:5F:B2:00"": {""signal"": ""80%"", ""frequency"": ""2.4 GHz"", ""channel"": ""11""}, ""90:14:AF:5E:EB:E0"": {""signal"": ""79%"", ""frequency"": ""2.4 GHz"", ""channel"": ""1""}, ""90:14:AF:5F:6A:10"": {""signal"": ""79%"", ""frequency"": ""5 GHz"", ""channel"": ""40""}, ""90:14:AF:5F:7A:40"": {""signal"": ""79%"", ""frequency"": ""2.4 GHz"", ""channel"": ""11""}, ""90:14:AF:5F:BB:E0"": {""signal"": ""79%"", ""frequency"": ""2.4 GHz"", ""channel"": ""1""}, ""90:14:AF:5F:6C:60"": {""signal"": ""78%"", ""frequency"": ""2.4 GHz"", ""channel"": ""1""}, ""90:14:AF:5F:BC:D0"": {""signal"": ""78%"", ""frequency"": ""5 GHz"", ""channel"": ""149""}, ""90:14:AF:5F:8E:60"": {""signal"": ""77%"", ""frequency"": ""2.4 GHz"", ""channel"": ""6""}, ""90:14:AF:5F:B6:20"": {""signal"": ""77%"", ""frequency"": ""2.4 GHz"", ""channel"": ""6""}, ""90:14:AF:5F:76:80"": {""signal"": ""77%"", ""frequency"": ""2.4 GHz"", ""channel"": ""1""}, ""90:14:AF:5F:9A:C0"": {""signal"": ""76%"", ""frequency"": ""2.4 GHz"", ""channel"": ""1""}, ""90:14:AF:5F:BB:70"": {""signal"": ""75%"", ""frequency"": ""5 GHz"", ""channel"": ""64""}, ""90:14:AF:5F:15:70"": {""signal"": ""75%"", ""frequency"": ""5 GHz"", ""channel"": ""64""}, ""90:14:AF:5F:07:E0"": {""signal"": ""75%"", ""frequency"": ""2.4 GHz"", ""channel"": ""1""}, ""90:14:AF:5F:C5:00"": {""signal"": ""72%"", ""frequency"": ""2.4 GHz"", ""channel"": ""1""}, ""FC:11:65:DE:E9:90"": {""signal"": ""69%"", ""frequency"": ""2.4 GHz"", ""channel"": ""11""}, ""90:14:AF:5F:6C:00"": {""signal"": ""69%"", ""frequency"": ""2.4 GHz"", ""channel"": ""6""}, ""90:14:AF:5F:BC:C0"": {""signal"": ""63%"", ""frequency"": ""2.4 GHz"", ""channel"": ""11""}, ""90:14:AF:5F:15:60"": {""signal"": ""63%"", ""frequency"": ""2.4 GHz"", ""channel"": ""6""}, ""FC:11:65:DF:84:30"": {""signal"": ""63%"", ""frequency"": ""2.4 GHz"", ""channel"": ""11""}, ""90:14:AF:5E:E3:E0"": {""signal"": ""63%"", ""frequency"": ""2.4 GHz"", ""channel"": ""1""}, ""90:14:AF:5F:AF:A0"": {""signal"": ""63%"", ""frequency"": ""2.4 GHz"", ""channel"": ""11""}, ""90:14:AF:5F:6D:30"": {""signal"": ""63%"", ""frequency"": ""5 GHz"", ""channel"": ""136""}, ""90:14:AF:5F:9B:D0"": {""signal"": ""60%"", ""frequency"": ""5 GHz"", ""channel"": ""48""}, ""90:14:AF:5F:1F:30"": {""signal"": ""57%"", ""frequency"": ""5 GHz"", ""channel"": ""64""}, ""90:14:AF:5F:6C:70"": {""signal"": ""57%"", ""frequency"": ""5 GHz"", ""channel"": ""112""}, ""90:14:AF:5F:97:00"": {""signal"": ""54%"", ""frequency"": ""2.4 GHz"", ""channel"": ""11""}, ""90:14:AF:5F:6C:10"": {""signal"": ""54%"", ""frequency"": ""5 GHz"", ""channel"": ""161""}, ""FC:11:65:DE:FA:20"": {""signal"": ""54%"", ""frequency"": ""5 GHz"", ""channel"": ""132""}, ""90:14:AF:5F:B8:90"": {""signal"": ""54%"", ""frequency"": ""5 GHz"", ""channel"": ""157""}, ""90:14:AF:5E:D9:60"": {""signal"": ""51%"", ""frequency"": ""2.4 GHz"", ""channel"": ""6""}, ""FC:11:65:DF:CC:B0"": {""signal"": ""48%"", ""frequency"": ""2.4 GHz"", ""channel"": ""1""}, ""90:14:AF:5F:A0:D0"": {""signal"": ""48%"", ""frequency"": ""5 GHz"", ""channel"": ""153""}, ""90:14:AF:5E:EB:F0"": {""signal"": ""48%"", ""frequency"": ""5 GHz"", ""channel"": ""161""}, ""90:14:AF:5E:E4:D0"": {""signal"": ""48%"", ""frequency"": ""5 GHz"", ""channel"": ""52""}, ""90:14:AF:5F:7D:D0"": {""signal"": ""48%"", ""frequency"": ""5 GHz"", ""channel"": ""100""}, ""90:14:AF:5F:C5:10"": {""signal"": ""45%"", ""frequency"": ""5 GHz"", ""channel"": ""60""}, ""90:14:AF:5E:E3:F0"": {""signal"": ""45%"", ""frequency"": ""5 GHz"", ""channel"": ""149""}, ""90:14:AF:5F:7A:50"": {""signal"": ""45%"", ""frequency"": ""5 GHz"", ""channel"": ""60""}, ""FC:11:65:DF:96:A0"": {""signal"": ""45%"", ""frequency"": ""5 GHz"", ""channel"": ""132""}, ""90:14:AF:5F:07:F0"": {""signal"": ""45%"", ""frequency"": ""5 GHz"", ""channel"": ""56""}, ""90:14:AF:5E:D9:70"": {""signal"": ""42%"", ""frequency"": ""5 GHz"", ""channel"": ""60""}, ""90:14:AF:5F:B1:10"": {""signal"": ""42%"", ""frequency"": ""5 GHz"", ""channel"": ""132""}, ""90:14:AF:5F:B2:10"": {""signal"": ""39%"", ""frequency"": ""5 GHz"", ""channel"": ""136""}, ""FC:11:65:DF:6E:A0"": {""signal"": ""39%"", ""frequency"": ""5 GHz"", ""channel"": ""104""}, ""90:14:AF:5F:81:70"": {""signal"": ""39%"", ""frequency"": ""5 GHz"", ""channel"": ""56""}, ""FC:11:65:DF:84:40"": {""signal"": ""36%"", ""frequency"": ""5 GHz"", ""channel"": ""104""}, ""90:14:AF:5F:7C:A0"": {""signal"": ""33%"", ""frequency"": ""2.4 GHz"", ""channel"": ""11""}, ""90:14:AF:5F:8E:70"": {""signal"": ""30%"", ""frequency"": ""5 GHz"", ""channel"": ""60""}, ""FC:11:65:DF:79:A0"": {""signal"": ""30%"", ""frequency"": ""5 GHz"", ""channel"": ""36""}, ""90:14:AF:5F:6A:00"": {""signal"": ""30%"", ""frequency"": ""2.4 GHz"", ""channel"": ""6""}, ""90:14:AF:5F:AF:B0"": {""signal"": ""30%"", ""frequency"": ""5 GHz"", ""channel"": ""149""}, ""90:14:AF:5F:19:B0"": {""signal"": ""30%"", ""frequency"": ""5 GHz"", ""channel"": ""136""}, ""FC:11:65:DE:FA:C0"": {""signal"": ""27%"", ""frequency"": ""5 GHz"", ""channel"": ""100""}, ""FC:11:65:DE:FC:A0"": {""signal"": ""27%"", ""frequency"": ""5 GHz"", ""channel"": ""64""}, ""90:14:AF:5F:BB:F0"": {""signal"": ""27%"", ""frequency"": ""5 GHz"", ""channel"": ""64""}, ""90:14:AF:5F:90:B0"": {""signal"": ""27%"", ""frequency"": ""5 GHz"", ""channel"": ""100""}, ""90:14:AF:5F:9A:D0"": {""signal"": ""24%"", ""frequency"": ""5 GHz"", ""channel"": ""36""}, ""90:14:AF:5F:9E:70"": {""signal"": ""24%"", ""frequency"": ""5 GHz"", ""channel"": ""100""}, ""FC:11:65:DE:E9:A0"": {""signal"": ""21%"", ""frequency"": ""5 GHz"", ""channel"": ""52""}, ""FC:11:65:DF:CC:00"": {""signal"": ""21%"", ""frequency"": ""5 GHz"", ""channel"": ""136""}, ""B4:A2:5C:A1:DB:10"": {""signal"": ""18%"", ""frequency"": ""5 GHz"", ""channel"": ""157""}, ""90:14:AF:5F:76:90"": {""signal"": ""12%"", ""frequency"": ""5 GHz"", ""channel"": ""161""}, ""90:14:AF:5F:7C:B0"": {""signal"": ""12%"", ""frequency"": ""5 GHz"", ""channel"": ""52""}, ""90:14:AF:5F:9D:90"": {""signal"": ""3%"", ""frequency"": ""5 GHz"", ""channel"": ""153""}, ""90:14:AF:5E:CF:B0"": {""signal"": ""3%"", ""frequency"": ""5 GHz"", ""channel"": ""64""}}",80,2026-09-08 18:14:32
210 B,90:14:AF:5F:81:60: 89% | FC:11:65:DF:B1:90: 87% | 90:14:AF:5F:6A:E0: 87% | 90:14:AF:5F:1F:20: 87% | 90:14:AF:5F:9B:C0: 87% | 90:14:AF:5F:6A:F0: 85% | 90:14:AF:5F:BB:60: 85% | 90:14:AF:5E:E4:C0: 85% | 90:14:AF:5F:80:00: 84% | FC:11:65:DF:B1:A0: 80% | FC:11:65:DF:6E:90: 80% | 90:14:AF:5F:B2:00: 80% | 90:14:AF:5E:EB:E0: 79% | 90:14:AF:5F:6A:10: 79% | 90:14:AF:5F:7A:40: 79% | 90:14:AF:5F:6C:60: 78% | 90:14:AF:5F:BC:D0: 78% | 90:14:AF:5F:8E:60: 77% | 90:14:AF:5F:B6:20: 77% | 90:14:AF:5F:76:80: 77% | 90:14:AF:5F:BB:70: 75% | FC:11:65:DE:E9:90: 69% | 90:14:AF:5F:6C:00: 69% | 90:14:AF:5F:BC:C0: 63% | 90:14:AF:5F:15:60: 63% | FC:11:65:DF:84:30: 63% | 90:14:AF:5E:E3:E0: 63% | 90:14:AF:5F:AF:A0: 63% | 90:14:AF:5F:6D:30: 63% | 90:14:AF:5F:9B:D0: 60% | 90:14:AF:5F:1F:30: 57% | 90:14:AF:5F:6C:70: 57% | 90:14:AF:5F:97:00: 54% | 90:14:AF:5F:6C:10: 54% | FC:11:65:DE:FA:20: 54% | 90:14:AF:5E:D9:60: 51% | FC:11:65:DF:CC:B0: 48% | 90:14:AF:5F:A0:D0: 48% | 90:14:AF:5E:EB:F0: 48% | 90:14:AF:5E:E4:D0: 48% | 90:14:AF:5F:C5:10: 45% | 90:14:AF:5E:E3:F0: 45% | 90:14:AF:5F:7A:50: 45% | FC:11:65:DF:96:A0: 45% | 90:14:AF:5E:D9:70: 42% | 90:14:AF:5F:B1:10: 42% | 90:14:AF:5F:B2:10: 39% | FC:11:65:DF:6E:A0: 39% | FC:11:65:DF:84:40: 36% | 90:14:AF:5F:7C:A0: 33% | 90:14:AF:5F:8E:70: 30% | FC:11:65:DF:79:A0: 30% | 90:14:AF:5F:6A:00: 30% | 90:14:AF:5F:AF:B0: 30% | FC:11:65:DE:FA:C0: 27% | FC:11:65:DE:FC:A0: 27% | 90:14:AF:5F:BB:F0: 27% | 90:14:AF:5F:9A:D0: 24% | 90:14:AF:5F:9E:70: 24% | FC:11:65:DE:E9:A0: 21% | FC:11:65:DF:CC:00: 21% | B4:A2:5C:A1:DB:10: 18% | 90:14:AF:5F:76:90: 12% | 90:14:AF:5F:7C:B0: 12% | 90:14:AF:5F:9D:90: 3% | 90:14:AF:5E:CF:B0: 3%,"{""90:14:AF:5F:81:60"": {""signal"": ""89%"", ""frequency"": ""2.4 GHz"", ""channel"": ""11""}, ""FC:11:65:DF:B1:90"": {""signal"": ""87%"", ""frequency"": ""2.4 GHz"", ""channel"": ""1""}, ""90:14:AF:5F:6A:E0"": {""signal"": ""87%"", ""frequency"": ""2.4 GHz"", ""channel"": ""11""}, ""90:14:AF:5F:1F:20"": {""signal"": ""87%"", ""frequency"": ""2.4 GHz"", ""channel"": ""1""}, ""90:14:AF:5F:9B:C0"": {""signal"": ""87%"", ""frequency"": ""2.4 GHz"", ""channel"": ""6""}, ""90:14:AF:5F:6A:F0"": {""signal"": ""85%"", ""frequency"": ""5 GHz"", ""channel"": ""104""}, ""90:14:AF:5F:BB:60"": {""signal"": ""85%"", ""frequency"": ""2.4 GHz"", ""channel"": ""11""}, ""90:14:AF:5E:E4:C0"": {""signal"": ""85%"", ""frequency"": ""2.4 GHz"", ""channel"": ""6""}, ""90:14:AF:5F:80:00"": {""signal"": ""84%"", ""frequency"": ""2.4 GHz"", ""channel"": ""11""}, ""FC:11:65:DF:B1:A0"": {""signal"": ""80%"", ""frequency"": ""5 GHz"", ""channel"": ""112""}, ""FC:11:65:DF:6E:90"": {""signal"": ""80%"", ""frequency"": ""2.4 GHz"", ""channel"": ""6""}, ""90:14:AF:5F:B2:00"": {""signal"": ""80%"", ""frequency"": ""2.4 GHz"", ""channel"": ""11""}, ""90:14:AF:5E:EB:E0"": {""signal"": ""79%"", ""frequency"": ""2.4 GHz"", ""channel"": ""1""}, ""90:14:AF:5F:6A:10"": {""signal"": ""79%"", ""frequency"": ""5 GHz"", ""channel"": ""40""}, ""90:14:AF:5F:7A:40"": {""signal"": ""79%"", ""frequency"": ""2.4 GHz"", ""channel"": ""11""}, ""90:14:AF:5F:6C:60"": {""signal"": ""78%"", ""frequency"": ""2.4 GHz"", ""channel"": ""1""}, ""90:14:AF:5F:BC:D0"": {""signal"": ""78%"", ""frequency"": ""5 GHz"", ""channel"": ""149""}, ""90:14:AF:5F:8E:60"": {""signal"": ""77%"", ""frequency"": ""2.4 GHz"", ""channel"": ""6""}, ""90:14:AF:5F:B6:20"": {""signal"": ""77%"", ""frequency"": ""2.4 GHz"", ""channel"": ""6""}, ""90:14:AF:5F:76:80"": {""signal"": ""77%"", ""frequency"": ""2.4 GHz"", ""channel"": ""1""}, ""90:14:AF:5F:BB:70"": {""signal"": ""75%"", ""frequency"": ""5 GHz"", ""channel"": ""64""}, ""FC:11:65:DE:E9:90"": {""signal"": ""69%"", ""frequency"": ""2.4 GHz"", ""channel"": ""11""}, ""90:14:AF:5F:6C:00"": {""signal"": ""69%"", ""frequency"": ""2.4 GHz"", ""channel"": ""6""}, ""90:14:AF:5F:BC:C0"": {""signal"": ""63%"", ""frequency"": ""2.4 GHz"", ""channel"": ""11""}, ""90:14:AF:5F:15:60"": {""signal"": ""63%"", ""frequency"": ""2.4 GHz"", ""channel"": ""6""}, ""FC:11:65:DF:84:30"": {""signal"": ""63%"", ""frequency"": ""2.4 GHz"", ""channel"": ""11""}, ""90:14:AF:5E:E3:E0"": {""signal"": ""63%"", ""frequency"": ""2.4 GHz"", ""channel"": ""1""}, ""90:14:AF:5F:AF:A0"": {""signal"": ""63%"", ""frequency"": ""2.4 GHz"", ""channel"": ""11""}, ""90:14:AF:5F:6D:30"": {""signal"": ""63%"", ""frequency"": ""5 GHz"", ""channel"": ""136""}, ""90:14:AF:5F:9B:D0"": {""signal"": ""60%"", ""frequency"": ""5 GHz"", ""channel"": ""48""}, ""90:14:AF:5F:1F:30"": {""signal"": ""57%"", ""frequency"": ""5 GHz"", ""channel"": ""64""}, ""90:14:AF:5F:6C:70"": {""signal"": ""57%"", ""frequency"": ""5 GHz"", ""channel"": ""112""}, ""90:14:AF:5F:97:00"": {""signal"": ""54%"", ""frequency"": ""2.4 GHz"", ""channel"": ""11""}, ""90:14:AF:5F:6C:10"": {""signal"": ""54%"", ""frequency"": ""5 GHz"", ""channel"": ""161""}, ""FC:11:65:DE:FA:20"": {""signal"": ""54%"", ""frequency"": ""5 GHz"", ""channel"": ""132""}, ""90:14:AF:5E:D9:60"": {""signal"": ""51%"", ""frequency"": ""2.4 GHz"", ""channel"": ""6""}, ""FC:11:65:DF:CC:B0"": {""signal"": ""48%"", ""frequency"": ""2.4 GHz"", ""channel"": ""1""}, ""90:14:AF:5F:A0:D0"": {""signal"": ""48%"", ""frequency"": ""5 GHz"", ""channel"": ""153""}, ""90:14:AF:5E:EB:F0"": {""signal"": ""48%"", ""frequency"": ""5 GHz"", ""channel"": ""161""}, ""90:14:AF:5E:E4:D0"": {""signal"": ""48%"", ""frequency"": ""5 GHz"", ""channel"": ""52""}, ""90:14:AF:5F:C5:10"": {""signal"": ""45%"", ""frequency"": ""5 GHz"", ""channel"": ""60""}, ""90:14:AF:5E:E3:F0"": {""signal"": ""45%"", ""frequency"": ""5 GHz"", ""channel"": ""149""}, ""90:14:AF:5F:7A:50"": {""signal"": ""45%"", ""frequency"": ""5 GHz"", ""channel"": ""60""}, ""FC:11:65:DF:96:A0"": {""signal"": ""45%"", ""frequency"": ""5 GHz"", ""channel"": ""132""}, ""90:14:AF:5E:D9:70"": {""signal"": ""42%"", ""frequency"": ""5 GHz"", ""channel"": ""60""}, ""90:14:AF:5F:B1:10"": {""signal"": ""42%"", ""frequency"": ""5 GHz"", ""channel"": ""132""}, ""90:14:AF:5F:B2:10"": {""signal"": ""39%"", ""frequency"": ""5 GHz"", ""channel"": ""136""}, ""FC:11:65:DF:6E:A0"": {""signal"": ""39%"", ""frequency"": ""5 GHz"", ""channel"": ""104""}, ""FC:11:65:DF:84:40"": {""signal"": ""36%"", ""frequency"": ""5 GHz"", ""channel"": ""104""}, ""90:14:AF:5F:7C:A0"": {""signal"": ""33%"", ""frequency"": ""2.4 GHz"", ""channel"": ""11""}, ""90:14:AF:5F:8E:70"": {""signal"": ""30%"", ""frequency"": ""5 GHz"", ""channel"": ""60""}, ""FC:11:65:DF:79:A0"": {""signal"": ""30%"", ""frequency"": ""5 GHz"", ""channel"": ""36""}, ""90:14:AF:5F:6A:00"": {""signal"": ""30%"", ""frequency"": ""2.4 GHz"", ""channel"": ""6""}, ""90:14:AF:5F:AF:B0"": {""signal"": ""30%"", ""frequency"": ""5 GHz"", ""channel"": ""149""}, ""FC:11:65:DE:FA:C0"": {""signal"": ""27%"", ""frequency"": ""5 GHz"", ""channel"": ""100""}, ""FC:11:65:DE:FC:A0"": {""signal"": ""27%"", ""frequency"": ""5 GHz"", ""channel"": ""64""}, ""90:14:AF:5F:BB:F0"": {""signal"": ""27%"", ""frequency"": ""5 GHz"", ""channel"": ""64""}, ""90:14:AF:5F:9A:D0"": {""signal"": ""24%"", ""frequency"": ""5 GHz"", ""channel"": ""36""}, ""90:14:AF:5F:9E:70"": {""signal"": ""24%"", ""frequency"": ""5 GHz"", ""channel"": ""100""}, ""FC:11:65:DE:E9:A0"": {""signal"": ""21%"", ""frequency"": ""5 GHz"", ""channel"": ""52""}, ""FC:11:65:DF:CC:00"": {""signal"": ""21%"", ""frequency"": ""5 GHz"", ""channel"": ""136""}, ""B4:A2:5C:A1:DB:10"": {""signal"": ""18%"", ""frequency"": ""5 GHz"", ""channel"": ""157""}, ""90:14:AF:5F:76:90"": {""signal"": ""12%"", ""frequency"": ""5 GHz"", ""channel"": ""161""}, ""90:14:AF:5F:7C:B0"": {""signal"": ""12%"", ""frequency"": ""5 GHz"", ""channel"": ""52""}, ""90:14:AF:5F:9D:90"": {""signal"": ""3%"", ""frequency"": ""5 GHz"", ""channel"": ""153""}, ""90:14:AF:5E:CF:B0"": {""signal"": ""3%"", ""frequency"": ""5 GHz"", ""channel"": ""64""}}",66,2026-09-08 18:14:59
201,90:14:AF:5F:6A:00: 89% | 90:14:AF:5F:6A:E0: 87% | 90:14:AF:5F:1F:20: 87% | 90:14:AF:5F:10:A0: 85% | 90:14:AF:5F:6C:00: 85% | 90:14:AF:5F:BB:60: 85% | 90:14:AF:5F:6C:10: 84% | 90:14:AF:5F:A0:C0: 84% | FC:11:65:DF:96:90: 81% | 90:14:AF:5F:97:00: 80% | 90:14:AF:5F:6A:10: 80% | FC:11:65:DF:B1:A0: 80% | FC:11:65:DF:6E:90: 80% | 90:14:AF:5F:B2:00: 80% | 90:14:AF:5F:A0:D0: 79% | 90:14:AF:5E:EB:E0: 79% | 90:14:AF:5F:BC:C0: 78% | 90:14:AF:5F:81:60: 78% | 90:14:AF:5F:6C:60: 78% | FC:11:65:DF:84:30: 77% | 90:14:AF:5F:7C:A0: 77% | 90:14:AF:5F:B6:20: 77% | 90:14:AF:5F:76:80: 77% | 90:14:AF:5F:84:C0: 75% | 90:14:AF:5F:BB:70: 75% | 90:14:AF:5F:6A:F0: 72% | FC:11:65:DE:E9:90: 69% | 90:14:AF:5E:E4:C0: 66% | 90:14:AF:5F:BC:D0: 63% | 90:14:AF:5F:9B:C0: 60% | 90:14:AF:5F:9B:D0: 60% | 90:14:AF:5F:1F:30: 57% | 90:14:AF:5F:6C:70: 57% | 90:14:AF:5F:84:D0: 54% | 90:14:AF:5F:6D:30: 54% | FC:11:65:DE:FA:20: 54% | 90:14:AF:5E:E3:E0: 48% | 90:14:AF:5E:E4:D0: 48% | FC:11:65:DF:CC:00: 45% | 90:14:AF:5F:6D:10: 42% | 90:14:AF:5E:D9:70: 42% | 90:14:AF:5F:B1:10: 42% | FC:11:65:DF:6E:A0: 39% | 90:14:AF:5F:8E:70: 30% | 90:14:AF:5F:AF:B0: 30% | FC:11:65:DE:FC:A0: 27% | 90:14:AF:5F:97:10: 24% | 90:14:AF:5E:EB:F0: 21% | FC:11:65:DE:E9:A0: 21% | 90:14:AF:5E:E3:F0: 18% | B4:A2:5C:A1:DB:10: 18% | 90:14:AF:5F:76:90: 12% | 90:14:AF:5F:7C:B0: 12% | 90:14:AF:5F:B2:10: 9% | 90:14:AF:5F:9D:90: 3% | FC:11:65:DF:B1:90: 0%,"{""90:14:AF:5F:6A:00"": {""signal"": ""89%"", ""frequency"": ""2.4 GHz"", ""channel"": ""6""}, ""90:14:AF:5F:6A:E0"": {""signal"": ""87%"", ""frequency"": ""2.4 GHz"", ""channel"": ""11""}, ""90:14:AF:5F:1F:20"": {""signal"": ""87%"", ""frequency"": ""2.4 GHz"", ""channel"": ""1""}, ""90:14:AF:5F:10:A0"": {""signal"": ""85%"", ""frequency"": ""2.4 GHz"", ""channel"": ""6""}, ""90:14:AF:5F:6C:00"": {""signal"": ""85%"", ""frequency"": ""2.4 GHz"", ""channel"": ""6""}, ""90:14:AF:5F:BB:60"": {""signal"": ""85%"", ""frequency"": ""2.4 GHz"", ""channel"": ""11""}, ""90:14:AF:5F:6C:10"": {""signal"": ""84%"", ""frequency"": ""5 GHz"", ""channel"": ""161""}, ""90:14:AF:5F:A0:C0"": {""signal"": ""84%"", ""frequency"": ""2.4 GHz"", ""channel"": ""11""}, ""FC:11:65:DF:96:90"": {""signal"": ""81%"", ""frequency"": ""2.4 GHz"", ""channel"": ""6""}, ""90:14:AF:5F:97:00"": {""signal"": ""80%"", ""frequency"": ""2.4 GHz"", ""channel"": ""11""}, ""90:14:AF:5F:6A:10"": {""signal"": ""80%"", ""frequency"": ""5 GHz"", ""channel"": ""40""}, ""FC:11:65:DF:B1:A0"": {""signal"": ""80%"", ""frequency"": ""5 GHz"", ""channel"": ""112""}, ""FC:11:65:DF:6E:90"": {""signal"": ""80%"", ""frequency"": ""2.4 GHz"", ""channel"": ""6""}, ""90:14:AF:5F:B2:00"": {""signal"": ""80%"", ""frequency"": ""2.4 GHz"", ""channel"": ""11""}, ""90:14:AF:5F:A0:D0"": {""signal"": ""79%"", ""frequency"": ""5 GHz"", ""channel"": ""153""}, ""90:14:AF:5E:EB:E0"": {""signal"": ""79%"", ""frequency"": ""2.4 GHz"", ""channel"": ""1""}, ""90:14:AF:5F:BC:C0"": {""signal"": ""78%"", ""frequency"": ""2.4 GHz"", ""channel"": ""11""}, ""90:14:AF:5F:81:60"": {""signal"": ""78%"", ""frequency"": ""2.4 GHz"", ""channel"": ""11""}, ""90:14:AF:5F:6C:60"": {""signal"": ""78%"", ""frequency"": ""2.4 GHz"", ""channel"": ""1""}, ""FC:11:65:DF:84:30"": {""signal"": ""77%"", ""frequency"": ""2.4 GHz"", ""channel"": ""11""}, ""90:14:AF:5F:7C:A0"": {""signal"": ""77%"", ""frequency"": ""2.4 GHz"", ""channel"": ""11""}, ""90:14:AF:5F:B6:20"": {""signal"": ""77%"", ""frequency"": ""2.4 GHz"", ""channel"": ""6""}, ""90:14:AF:5F:76:80"": {""signal"": ""77%"", ""frequency"": ""2.4 GHz"", ""channel"": ""1""}, ""90:14:AF:5F:84:C0"": {""signal"": ""75%"", ""frequency"": ""2.4 GHz"", ""channel"": ""6""}, ""90:14:AF:5F:BB:70"": {""signal"": ""75%"", ""frequency"": ""5 GHz"", ""channel"": ""64""}, ""90:14:AF:5F:6A:F0"": {""signal"": ""72%"", ""frequency"": ""5 GHz"", ""channel"": ""104""}, ""FC:11:65:DE:E9:90"": {""signal"": ""69%"", ""frequency"": ""2.4 GHz"", ""channel"": ""11""}, ""90:14:AF:5E:E4:C0"": {""signal"": ""66%"", ""frequency"": ""2.4 GHz"", ""channel"": ""6""}, ""90:14:AF:5F:BC:D0"": {""signal"": ""63%"", ""frequency"": ""5 GHz"", ""channel"": ""149""}, ""90:14:AF:5F:9B:C0"": {""signal"": ""60%"", ""frequency"": ""2.4 GHz"", ""channel"": ""6""}, ""90:14:AF:5F:9B:D0"": {""signal"": ""60%"", ""frequency"": ""5 GHz"", ""channel"": ""48""}, ""90:14:AF:5F:1F:30"": {""signal"": ""57%"", ""frequency"": ""5 GHz"", ""channel"": ""64""}, ""90:14:AF:5F:6C:70"": {""signal"": ""57%"", ""frequency"": ""5 GHz"", ""channel"": ""112""}, ""90:14:AF:5F:84:D0"": {""signal"": ""54%"", ""frequency"": ""5 GHz"", ""channel"": ""48""}, ""90:14:AF:5F:6D:30"": {""signal"": ""54%"", ""frequency"": ""5 GHz"", ""channel"": ""136""}, ""FC:11:65:DE:FA:20"": {""signal"": ""54%"", ""frequency"": ""5 GHz"", ""channel"": ""132""}, ""90:14:AF:5E:E3:E0"": {""signal"": ""48%"", ""frequency"": ""2.4 GHz"", ""channel"": ""1""}, ""90:14:AF:5E:E4:D0"": {""signal"": ""48%"", ""frequency"": ""5 GHz"", ""channel"": ""52""}, ""FC:11:65:DF:CC:00"": {""signal"": ""45%"", ""frequency"": ""5 GHz"", ""channel"": ""136""}, ""90:14:AF:5F:6D:10"": {""signal"": ""42%"", ""frequency"": ""5 GHz"", ""channel"": ""48""}, ""90:14:AF:5E:D9:70"": {""signal"": ""42%"", ""frequency"": ""5 GHz"", ""channel"": ""60""}, ""90:14:AF:5F:B1:10"": {""signal"": ""42%"", ""frequency"": ""5 GHz"", ""channel"": ""132""}, ""FC:11:65:DF:6E:A0"": {""signal"": ""39%"", ""frequency"": ""5 GHz"", ""channel"": ""104""}, ""90:14:AF:5F:8E:70"": {""signal"": ""30%"", ""frequency"": ""5 GHz"", ""channel"": ""60""}, ""90:14:AF:5F:AF:B0"": {""signal"": ""30%"", ""frequency"": ""5 GHz"", ""channel"": ""149""}, ""FC:11:65:DE:FC:A0"": {""signal"": ""27%"", ""frequency"": ""5 GHz"", ""channel"": ""64""}, ""90:14:AF:5F:97:10"": {""signal"": ""24%"", ""frequency"": ""5 GHz"", ""channel"": ""100""}, ""90:14:AF:5E:EB:F0"": {""signal"": ""21%"", ""frequency"": ""5 GHz"", ""channel"": ""161""}, ""FC:11:65:DE:E9:A0"": {""signal"": ""21%"", ""frequency"": ""5 GHz"", ""channel"": ""52""}, ""90:14:AF:5E:E3:F0"": {""signal"": ""18%"", ""frequency"": ""5 GHz"", ""channel"": ""149""}, ""B4:A2:5C:A1:DB:10"": {""signal"": ""18%"", ""frequency"": ""5 GHz"", ""channel"": ""157""}, ""90:14:AF:5F:76:90"": {""signal"": ""12%"", ""frequency"": ""5 GHz"", ""channel"": ""161""}, ""90:14:AF:5F:7C:B0"": {""signal"": ""12%"", ""frequency"": ""5 GHz"", ""channel"": ""52""}, ""90:14:AF:5F:B2:10"": {""signal"": ""9%"", ""frequency"": ""5 GHz"", ""channel"": ""136""}, ""90:14:AF:5F:9D:90"": {""signal"": ""3%"", ""frequency"": ""5 GHz"", ""channel"": ""153""}, ""FC:11:65:DF:B1:90"": {""signal"": ""0%"", ""frequency"": ""2.4 GHz"", ""channel"": ""1""}}",56,2026-09-08 18:16:05
201 B,90:14:AF:5F:6A:00: 89% | 90:14:AF:5F:6A:E0: 87% | 90:14:AF:5F:10:A0: 85% | 90:14:AF:5F:6C:00: 85% | 90:14:AF:5F:BB:60: 85% | 90:14:AF:5F:6C:10: 84% | 90:14:AF:5F:A0:C0: 84% | FC:11:65:DF:96:90: 81% | 90:14:AF:5F:97:00: 80% | 90:14:AF:5F:6A:10: 80% | FC:11:65:DF:B1:A0: 80% | 90:14:AF:5F:A0:D0: 79% | 90:14:AF:5F:BC:C0: 78% | 90:14:AF:5F:81:60: 78% | FC:11:65:DF:84:30: 77% | 90:14:AF:5F:7C:A0: 77% | 90:14:AF:5F:84:C0: 75% | 90:14:AF:5F:6A:F0: 72% | FC:11:65:DE:E9:90: 69% | 90:14:AF:5E:E4:C0: 66% | 90:14:AF:5F:BC:D0: 63% | 90:14:AF:5F:9B:C0: 60% | 90:14:AF:5F:9B:D0: 60% | 90:14:AF:5F:6C:70: 57% | 90:14:AF:5F:84:D0: 54% | 90:14:AF:5F:6D:30: 54% | 90:14:AF:5E:E3:E0: 48% | 90:14:AF:5E:E4:D0: 48% | FC:11:65:DF:CC:00: 45% | 90:14:AF:5F:6D:10: 42% | FC:11:65:DF:6E:A0: 39% | 90:14:AF:5F:AF:B0: 30% | FC:11:65:DE:FC:A0: 27% | 90:14:AF:5F:97:10: 24% | 90:14:AF:5E:EB:F0: 21% | FC:11:65:DE:E9:A0: 21% | 90:14:AF:5E:E3:F0: 18% | 90:14:AF:5F:76:90: 12% | 90:14:AF:5F:7C:B0: 12% | 90:14:AF:5F:B2:10: 9% | 90:14:AF:5F:9D:90: 3% | FC:11:65:DF:B1:90: 0%,"{""90:14:AF:5F:6A:00"": {""signal"": ""89%"", ""frequency"": ""2.4 GHz"", ""channel"": ""6""}, ""90:14:AF:5F:6A:E0"": {""signal"": ""87%"", ""frequency"": ""2.4 GHz"", ""channel"": ""11""}, ""90:14:AF:5F:10:A0"": {""signal"": ""85%"", ""frequency"": ""2.4 GHz"", ""channel"": ""6""}, ""90:14:AF:5F:6C:00"": {""signal"": ""85%"", ""frequency"": ""2.4 GHz"", ""channel"": ""6""}, ""90:14:AF:5F:BB:60"": {""signal"": ""85%"", ""frequency"": ""2.4 GHz"", ""channel"": ""11""}, ""90:14:AF:5F:6C:10"": {""signal"": ""84%"", ""frequency"": ""5 GHz"", ""channel"": ""161""}, ""90:14:AF:5F:A0:C0"": {""signal"": ""84%"", ""frequency"": ""2.4 GHz"", ""channel"": ""11""}, ""FC:11:65:DF:96:90"": {""signal"": ""81%"", ""frequency"": ""2.4 GHz"", ""channel"": ""6""}, ""90:14:AF:5F:97:00"": {""signal"": ""80%"", ""frequency"": ""2.4 GHz"", ""channel"": ""11""}, ""90:14:AF:5F:6A:10"": {""signal"": ""80%"", ""frequency"": ""5 GHz"", ""channel"": ""40""}, ""FC:11:65:DF:B1:A0"": {""signal"": ""80%"", ""frequency"": ""5 GHz"", ""channel"": ""112""}, ""90:14:AF:5F:A0:D0"": {""signal"": ""79%"", ""frequency"": ""5 GHz"", ""channel"": ""153""}, ""90:14:AF:5F:BC:C0"": {""signal"": ""78%"", ""frequency"": ""2.4 GHz"", ""channel"": ""11""}, ""90:14:AF:5F:81:60"": {""signal"": ""78%"", ""frequency"": ""2.4 GHz"", ""channel"": ""11""}, ""FC:11:65:DF:84:30"": {""signal"": ""77%"", ""frequency"": ""2.4 GHz"", ""channel"": ""11""}, ""90:14:AF:5F:7C:A0"": {""signal"": ""77%"", ""frequency"": ""2.4 GHz"", ""channel"": ""11""}, ""90:14:AF:5F:84:C0"": {""signal"": ""75%"", ""frequency"": ""2.4 GHz"", ""channel"": ""6""}, ""90:14:AF:5F:6A:F0"": {""signal"": ""72%"", ""frequency"": ""5 GHz"", ""channel"": ""104""}, ""FC:11:65:DE:E9:90"": {""signal"": ""69%"", ""frequency"": ""2.4 GHz"", ""channel"": ""11""}, ""90:14:AF:5E:E4:C0"": {""signal"": ""66%"", ""frequency"": ""2.4 GHz"", ""channel"": ""6""}, ""90:14:AF:5F:BC:D0"": {""signal"": ""63%"", ""frequency"": ""5 GHz"", ""channel"": ""149""}, ""90:14:AF:5F:9B:C0"": {""signal"": ""60%"", ""frequency"": ""2.4 GHz"", ""channel"": ""6""}, ""90:14:AF:5F:9B:D0"": {""signal"": ""60%"", ""frequency"": ""5 GHz"", ""channel"": ""48""}, ""90:14:AF:5F:6C:70"": {""signal"": ""57%"", ""frequency"": ""5 GHz"", ""channel"": ""112""}, ""90:14:AF:5F:84:D0"": {""signal"": ""54%"", ""frequency"": ""5 GHz"", ""channel"": ""48""}, ""90:14:AF:5F:6D:30"": {""signal"": ""54%"", ""frequency"": ""5 GHz"", ""channel"": ""136""}, ""90:14:AF:5E:E3:E0"": {""signal"": ""48%"", ""frequency"": ""2.4 GHz"", ""channel"": ""1""}, ""90:14:AF:5E:E4:D0"": {""signal"": ""48%"", ""frequency"": ""5 GHz"", ""channel"": ""52""}, ""FC:11:65:DF:CC:00"": {""signal"": ""45%"", ""frequency"": ""5 GHz"", ""channel"": ""136""}, ""90:14:AF:5F:6D:10"": {""signal"": ""42%"", ""frequency"": ""5 GHz"", ""channel"": ""48""}, ""FC:11:65:DF:6E:A0"": {""signal"": ""39%"", ""frequency"": ""5 GHz"", ""channel"": ""104""}, ""90:14:AF:5F:AF:B0"": {""signal"": ""30%"", ""frequency"": ""5 GHz"", ""channel"": ""149""}, ""FC:11:65:DE:FC:A0"": {""signal"": ""27%"", ""frequency"": ""5 GHz"", ""channel"": ""64""}, ""90:14:AF:5F:97:10"": {""signal"": ""24%"", ""frequency"": ""5 GHz"", ""channel"": ""100""}, ""90:14:AF:5E:EB:F0"": {""signal"": ""21%"", ""frequency"": ""5 GHz"", ""channel"": ""161""}, ""FC:11:65:DE:E9:A0"": {""signal"": ""21%"", ""frequency"": ""5 GHz"", ""channel"": ""52""}, ""90:14:AF:5E:E3:F0"": {""signal"": ""18%"", ""frequency"": ""5 GHz"", ""channel"": ""149""}, ""90:14:AF:5F:76:90"": {""signal"": ""12%"", ""frequency"": ""5 GHz"", ""channel"": ""161""}, ""90:14:AF:5F:7C:B0"": {""signal"": ""12%"", ""frequency"": ""5 GHz"", ""channel"": ""52""}, ""90:14:AF:5F:B2:10"": {""signal"": ""9%"", ""frequency"": ""5 GHz"", ""channel"": ""136""}, ""90:14:AF:5F:9D:90"": {""signal"": ""3%"", ""frequency"": ""5 GHz"", ""channel"": ""153""}, ""FC:11:65:DF:B1:90"": {""signal"": ""0%"", ""frequency"": ""2.4 GHz"", ""channel"": ""1""}}",42,2026-09-08 18:16:15
BOYS WASHROOM NEAR 201,90:14:AF:5F:6A:00: 89% | 90:14:AF:5F:94:F0: 87% | 90:14:AF:5F:94:E0: 85% | 90:14:AF:5F:6C:00: 81% | FC:11:65:DF:96:90: 81% | FC:11:65:DF:96:A0: 80% | 90:14:AF:5F:97:00: 80% | 90:14:AF:5F:10:A0: 79% | 90:14:AF:5F:6C:10: 78% | 90:14:AF:5F:BC:C0: 78% | 90:14:AF:5F:81:60: 78% | FC:11:65:DF:84:30: 77% | 90:14:AF:5F:7C:A0: 77% | 90:14:AF:5F:84:C0: 75% | 90:14:AF:5F:6A:F0: 72% | 90:14:AF:5E:E4:C0: 66% | 90:14:AF:5F:A0:C0: 60% | 90:14:AF:5F:9B:C0: 60% | 90:14:AF:5F:A0:D0: 57% | 90:14:AF:5F:89:90: 54% | 90:14:AF:5F:84:D0: 54% | 90:14:AF:5F:6D:30: 54% | FC:11:65:DE:E9:90: 48% | 90:14:AF:5E:E3:E0: 48% | 90:14:AF:5F:6A:10: 42% | FC:11:65:DE:E9:A0: 42% | 90:14:AF:5F:6D:10: 39% | 90:14:AF:5F:BB:60: 24% | 90:14:AF:5F:B1:10: 24% | 90:14:AF:5F:97:10: 24% | 90:14:AF:5F:BC:D0: 21% | 90:14:AF:5E:EB:F0: 21% | FC:11:65:DF:CC:00: 18% | 90:14:AF:5E:E3:F0: 18% | 90:14:AF:5F:B2:10: 9% | FC:11:65:DF:B1:90: 0%,"{""90:14:AF:5F:6A:00"": {""signal"": ""89%"", ""frequency"": ""2.4 GHz"", ""channel"": ""6""}, ""90:14:AF:5F:94:F0"": {""signal"": ""87%"", ""frequency"": ""5 GHz"", ""channel"": ""102 (40 %)""}, ""90:14:AF:5F:94:E0"": {""signal"": ""85%"", ""frequency"": ""2.4 GHz"", ""channel"": ""90 (35 %)""}, ""90:14:AF:5F:6C:00"": {""signal"": ""81%"", ""frequency"": ""2.4 GHz"", ""channel"": ""6""}, ""FC:11:65:DF:96:90"": {""signal"": ""81%"", ""frequency"": ""2.4 GHz"", ""channel"": ""6""}, ""FC:11:65:DF:96:A0"": {""signal"": ""80%"", ""frequency"": ""5 GHz"", ""channel"": ""132""}, ""90:14:AF:5F:97:00"": {""signal"": ""80%"", ""frequency"": ""2.4 GHz"", ""channel"": ""11""}, ""90:14:AF:5F:10:A0"": {""signal"": ""79%"", ""frequency"": ""2.4 GHz"", ""channel"": ""6""}, ""90:14:AF:5F:6C:10"": {""signal"": ""78%"", ""frequency"": ""5 GHz"", ""channel"": ""161""}, ""90:14:AF:5F:BC:C0"": {""signal"": ""78%"", ""frequency"": ""2.4 GHz"", ""channel"": ""11""}, ""90:14:AF:5F:81:60"": {""signal"": ""78%"", ""frequency"": ""2.4 GHz"", ""channel"": ""11""}, ""FC:11:65:DF:84:30"": {""signal"": ""77%"", ""frequency"": ""2.4 GHz"", ""channel"": ""11""}, ""90:14:AF:5F:7C:A0"": {""signal"": ""77%"", ""frequency"": ""2.4 GHz"", ""channel"": ""11""}, ""90:14:AF:5F:84:C0"": {""signal"": ""75%"", ""frequency"": ""2.4 GHz"", ""channel"": ""6""}, ""90:14:AF:5F:6A:F0"": {""signal"": ""72%"", ""frequency"": ""5 GHz"", ""channel"": ""104""}, ""90:14:AF:5E:E4:C0"": {""signal"": ""66%"", ""frequency"": ""2.4 GHz"", ""channel"": ""6""}, ""90:14:AF:5F:A0:C0"": {""signal"": ""60%"", ""frequency"": ""2.4 GHz"", ""channel"": ""11""}, ""90:14:AF:5F:9B:C0"": {""signal"": ""60%"", ""frequency"": ""2.4 GHz"", ""channel"": ""6""}, ""90:14:AF:5F:A0:D0"": {""signal"": ""57%"", ""frequency"": ""5 GHz"", ""channel"": ""153""}, ""90:14:AF:5F:89:90"": {""signal"": ""54%"", ""frequency"": ""5 GHz"", ""channel"": ""149""}, ""90:14:AF:5F:84:D0"": {""signal"": ""54%"", ""frequency"": ""5 GHz"", ""channel"": ""48""}, ""90:14:AF:5F:6D:30"": {""signal"": ""54%"", ""frequency"": ""5 GHz"", ""channel"": ""136""}, ""FC:11:65:DE:E9:90"": {""signal"": ""48%"", ""frequency"": ""2.4 GHz"", ""channel"": ""11""}, ""90:14:AF:5E:E3:E0"": {""signal"": ""48%"", ""frequency"": ""2.4 GHz"", ""channel"": ""1""}, ""90:14:AF:5F:6A:10"": {""signal"": ""42%"", ""frequency"": ""5 GHz"", ""channel"": ""40""}, ""FC:11:65:DE:E9:A0"": {""signal"": ""42%"", ""frequency"": ""5 GHz"", ""channel"": ""52""}, ""90:14:AF:5F:6D:10"": {""signal"": ""39%"", ""frequency"": ""5 GHz"", ""channel"": ""48""}, ""90:14:AF:5F:BB:60"": {""signal"": ""24%"", ""frequency"": ""2.4 GHz"", ""channel"": ""11""}, ""90:14:AF:5F:B1:10"": {""signal"": ""24%"", ""frequency"": ""5 GHz"", ""channel"": ""132""}, ""90:14:AF:5F:97:10"": {""signal"": ""24%"", ""frequency"": ""5 GHz"", ""channel"": ""100""}, ""90:14:AF:5F:BC:D0"": {""signal"": ""21%"", ""frequency"": ""5 GHz"", ""channel"": ""149""}, ""90:14:AF:5E:EB:F0"": {""signal"": ""21%"", ""frequency"": ""5 GHz"", ""channel"": ""161""}, ""FC:11:65:DF:CC:00"": {""signal"": ""18%"", ""frequency"": ""5 GHz"", ""channel"": ""136""}, ""90:14:AF:5E:E3:F0"": {""signal"": ""18%"", ""frequency"": ""5 GHz"", ""channel"": ""149""}, ""90:14:AF:5F:B2:10"": {""signal"": ""9%"", ""frequency"": ""5 GHz"", ""channel"": ""136""}, ""FC:11:65:DF:B1:90"": {""signal"": ""0%"", ""frequency"": ""2.4 GHz"", ""channel"": ""1""}}",36,2026-09-08 18:17:00
IN FRONT OF BALCONY,90:14:AF:5F:94:E0: 100% | 90:14:AF:5F:94:F0: 97% | 90:14:AF:5F:6C:70: 86% | FC:11:65:DF:96:90: 86% | 90:14:AF:5F:6C:60: 85% | 90:14:AF:5F:7F:E0: 84% | FC:11:65:DF:96:A0: 84% | 90:14:AF:5F:93:A0: 82% | 90:14:AF:5F:89:80: 82% | 90:14:AF:5F:10:A0: 79% | 90:14:AF:5F:6D:10: 79% | 90:14:AF:5F:6C:10: 79% | 90:14:AF:5F:6C:00: 77% | 90:14:AF:5F:6A:00: 72% | 90:14:AF:5F:7F:F0: 69% | 90:14:AF:5F:89:90: 66% | 90:14:AF:5F:A0:D0: 57% | 90:14:AF:5F:A0:E0: 51% | 90:14:AF:5F:BC:C0: 45% | FC:11:65:DF:B1:A0: 24%,"{""90:14:AF:5F:94:E0"": {""signal"": ""100%"", ""frequency"": ""2.4 GHz"", ""channel"": ""112 (43 %)""}, ""90:14:AF:5F:94:F0"": {""signal"": ""97%"", ""frequency"": ""5 GHz"", ""channel"": ""118 (46 %)""}, ""90:14:AF:5F:6C:70"": {""signal"": ""86%"", ""frequency"": ""5 GHz"", ""channel"": ""112""}, ""FC:11:65:DF:96:90"": {""signal"": ""86%"", ""frequency"": ""2.4 GHz"", ""channel"": ""6""}, ""90:14:AF:5F:6C:60"": {""signal"": ""85%"", ""frequency"": ""2.4 GHz"", ""channel"": ""1""}, ""90:14:AF:5F:7F:E0"": {""signal"": ""84%"", ""frequency"": ""2.4 GHz"", ""channel"": ""1""}, ""FC:11:65:DF:96:A0"": {""signal"": ""84%"", ""frequency"": ""5 GHz"", ""channel"": ""132""}, ""90:14:AF:5F:93:A0"": {""signal"": ""82%"", ""frequency"": ""2.4 GHz"", ""channel"": ""6""}, ""90:14:AF:5F:89:80"": {""signal"": ""82%"", ""frequency"": ""2.4 GHz"", ""channel"": ""11""}, ""90:14:AF:5F:10:A0"": {""signal"": ""79%"", ""frequency"": ""2.4 GHz"", ""channel"": ""6""}, ""90:14:AF:5F:6D:10"": {""signal"": ""79%"", ""frequency"": ""5 GHz"", ""channel"": ""48""}, ""90:14:AF:5F:6C:10"": {""signal"": ""79%"", ""frequency"": ""5 GHz"", ""channel"": ""161""}, ""90:14:AF:5F:6C:00"": {""signal"": ""77%"", ""frequency"": ""2.4 GHz"", ""channel"": ""6""}, ""90:14:AF:5F:6A:00"": {""signal"": ""72%"", ""frequency"": ""2.4 GHz"", ""channel"": ""6""}, ""90:14:AF:5F:7F:F0"": {""signal"": ""69%"", ""frequency"": ""5 GHz"", ""channel"": ""64""}, ""90:14:AF:5F:89:90"": {""signal"": ""66%"", ""frequency"": ""5 GHz"", ""channel"": ""149""}, ""90:14:AF:5F:A0:D0"": {""signal"": ""57%"", ""frequency"": ""5 GHz"", ""channel"": ""153""}, ""90:14:AF:5F:A0:E0"": {""signal"": ""51%"", ""frequency"": ""2.4 GHz"", ""channel"": ""11""}, ""90:14:AF:5F:BC:C0"": {""signal"": ""45%"", ""frequency"": ""2.4 GHz"", ""channel"": ""11""}, ""FC:11:65:DF:B1:A0"": {""signal"": ""24%"", ""frequency"": ""5 GHz"", ""channel"": ""112""}}",20,2026-09-08 18:17:43
IN CIRCULAR BALCONY,90:14:AF:5F:6C:60: 85% | 90:14:AF:5F:10:A0: 79% | 90:14:AF:5F:6D:10: 79% | 90:14:AF:5F:6C:10: 79% | 90:14:AF:5F:7F:E0: 78% | 90:14:AF:5F:6C:00: 77% | 90:14:AF:5F:6A:00: 72% | 90:14:AF:5F:89:80: 69% | 90:14:AF:5F:7F:F0: 69% | 90:14:AF:5F:6C:70: 60% | 90:14:AF:5F:94:E0: 60% | 90:14:AF:5F:94:F0: 57% | 90:14:AF:5F:A0:D0: 57% | FC:11:65:DF:96:A0: 54% | 90:14:AF:5F:A0:E0: 51% | 90:14:AF:5F:BC:C0: 45% | FC:11:65:DF:96:90: 42% | 90:14:AF:5F:89:90: 33% | FC:11:65:DF:B1:A0: 24% | 90:14:AF:5F:93:A0: 21%,"{""90:14:AF:5F:6C:60"": {""signal"": ""85%"", ""frequency"": ""2.4 GHz"", ""channel"": ""1""}, ""90:14:AF:5F:10:A0"": {""signal"": ""79%"", ""frequency"": ""2.4 GHz"", ""channel"": ""6""}, ""90:14:AF:5F:6D:10"": {""signal"": ""79%"", ""frequency"": ""5 GHz"", ""channel"": ""48""}, ""90:14:AF:5F:6C:10"": {""signal"": ""79%"", ""frequency"": ""5 GHz"", ""channel"": ""161""}, ""90:14:AF:5F:7F:E0"": {""signal"": ""78%"", ""frequency"": ""2.4 GHz"", ""channel"": ""1""}, ""90:14:AF:5F:6C:00"": {""signal"": ""77%"", ""frequency"": ""2.4 GHz"", ""channel"": ""6""}, ""90:14:AF:5F:6A:00"": {""signal"": ""72%"", ""frequency"": ""2.4 GHz"", ""channel"": ""6""}, ""90:14:AF:5F:89:80"": {""signal"": ""69%"", ""frequency"": ""2.4 GHz"", ""channel"": ""11""}, ""90:14:AF:5F:7F:F0"": {""signal"": ""69%"", ""frequency"": ""5 GHz"", ""channel"": ""64""}, ""90:14:AF:5F:6C:70"": {""signal"": ""60%"", ""frequency"": ""5 GHz"", ""channel"": ""112""}, ""90:14:AF:5F:94:E0"": {""signal"": ""60%"", ""frequency"": ""2.4 GHz"", ""channel"": ""116 (45 %)""}, ""90:14:AF:5F:94:F0"": {""signal"": ""57%"", ""frequency"": ""5 GHz"", ""channel"": ""98 (38 %)""}, ""90:14:AF:5F:A0:D0"": {""signal"": ""57%"", ""frequency"": ""5 GHz"", ""channel"": ""153""}, ""FC:11:65:DF:96:A0"": {""signal"": ""54%"", ""frequency"": ""5 GHz"", ""channel"": ""132""}, ""90:14:AF:5F:A0:E0"": {""signal"": ""51%"", ""frequency"": ""2.4 GHz"", ""channel"": ""11""}, ""90:14:AF:5F:BC:C0"": {""signal"": ""45%"", ""frequency"": ""2.4 GHz"", ""channel"": ""11""}, ""FC:11:65:DF:96:90"": {""signal"": ""42%"", ""frequency"": ""2.4 GHz"", ""channel"": ""6""}, ""90:14:AF:5F:89:90"": {""signal"": ""33%"", ""frequency"": ""5 GHz"", ""channel"": ""149""}, ""FC:11:65:DF:B1:A0"": {""signal"": ""24%"", ""frequency"": ""5 GHz"", ""channel"": ""112""}, ""90:14:AF:5F:93:A0"": {""signal"": ""21%"", ""frequency"": ""2.4 GHz"", ""channel"": ""6""}}",20,2026-09-08 18:18:15
IN CIRCULAR BALCONY B,90:14:AF:5F:6C:60: 85% | 90:14:AF:5F:10:A0: 79% | 90:14:AF:5F:6D:10: 79% | 90:14:AF:5F:6C:10: 79% | 90:14:AF:5F:7F:E0: 78% | 90:14:AF:5F:6C:00: 77% | 90:14:AF:5F:6A:00: 72% | 90:14:AF:5F:89:80: 69% | 90:14:AF:5F:7F:F0: 69% | 90:14:AF:5F:6C:70: 60% | 90:14:AF:5F:94:E0: 60% | 90:14:AF:5F:94:F0: 57% | 90:14:AF:5F:A0:D0: 57% | FC:11:65:DF:96:A0: 54% | 90:14:AF:5F:A0:E0: 51% | 90:14:AF:5F:BC:C0: 45% | FC:11:65:DF:96:90: 42% | 90:14:AF:5F:89:90: 33% | FC:11:65:DF:B1:A0: 24% | 90:14:AF:5F:93:A0: 21%,"{""90:14:AF:5F:6C:60"": {""signal"": ""85%"", ""frequency"": ""2.4 GHz"", ""channel"": ""1""}, ""90:14:AF:5F:10:A0"": {""signal"": ""79%"", ""frequency"": ""2.4 GHz"", ""channel"": ""6""}, ""90:14:AF:5F:6D:10"": {""signal"": ""79%"", ""frequency"": ""5 GHz"", ""channel"": ""48""}, ""90:14:AF:5F:6C:10"": {""signal"": ""79%"", ""frequency"": ""5 GHz"", ""channel"": ""161""}, ""90:14:AF:5F:7F:E0"": {""signal"": ""78%"", ""frequency"": ""2.4 GHz"", ""channel"": ""1""}, ""90:14:AF:5F:6C:00"": {""signal"": ""77%"", ""frequency"": ""2.4 GHz"", ""channel"": ""6""}, ""90:14:AF:5F:6A:00"": {""signal"": ""72%"", ""frequency"": ""2.4 GHz"", ""channel"": ""6""}, ""90:14:AF:5F:89:80"": {""signal"": ""69%"", ""frequency"": ""2.4 GHz"", ""channel"": ""11""}, ""90:14:AF:5F:7F:F0"": {""signal"": ""69%"", ""frequency"": ""5 GHz"", ""channel"": ""64""}, ""90:14:AF:5F:6C:70"": {""signal"": ""60%"", ""frequency"": ""5 GHz"", ""channel"": ""112""}, ""90:14:AF:5F:94:E0"": {""signal"": ""60%"", ""frequency"": ""2.4 GHz"", ""channel"": ""116 (45 %)""}, ""90:14:AF:5F:94:F0"": {""signal"": ""57%"", ""frequency"": ""5 GHz"", ""channel"": ""98 (38 %)""}, ""90:14:AF:5F:A0:D0"": {""signal"": ""57%"", ""frequency"": ""5 GHz"", ""channel"": ""153""}, ""FC:11:65:DF:96:A0"": {""signal"": ""54%"", ""frequency"": ""5 GHz"", ""channel"": ""132""}, ""90:14:AF:5F:A0:E0"": {""signal"": ""51%"", ""frequency"": ""2.4 GHz"", ""channel"": ""11""}, ""90:14:AF:5F:BC:C0"": {""signal"": ""45%"", ""frequency"": ""2.4 GHz"", ""channel"": ""11""}, ""FC:11:65:DF:96:90"": {""signal"": ""42%"", ""frequency"": ""2.4 GHz"", ""channel"": ""6""}, ""90:14:AF:5F:89:90"": {""signal"": ""33%"", ""frequency"": ""5 GHz"", ""channel"": ""149""}, ""FC:11:65:DF:B1:A0"": {""signal"": ""24%"", ""frequency"": ""5 GHz"", ""channel"": ""112""}, ""90:14:AF:5F:93:A0"": {""signal"": ""21%"", ""frequency"": ""2.4 GHz"", ""channel"": ""6""}}",20,2026-09-08 18:18:31
GIRLS WASHROOM IN FRONT OF 211,90:14:AF:5F:6C:70: 91% | 90:14:AF:5F:94:E0: 88% | 90:14:AF:5F:94:F0: 87% | 90:14:AF:5F:6C:60: 86% | FC:11:65:DF:96:A0: 85% | 90:14:AF:5F:6D:00: 83% | FC:11:65:DE:E9:90: 80% | 90:14:AF:5F:B1:00: 80% | 90:14:AF:5F:6D:10: 80% | 90:14:AF:5F:10:A0: 79% | 90:14:AF:5F:7F:E0: 78% | FC:11:65:DF:CB:F0: 77% | 90:14:AF:5F:6C:00: 72% | 90:14:AF:5F:6A:00: 72% | 90:14:AF:5F:6C:10: 69% | 90:14:AF:5F:89:80: 69% | 90:14:AF:5F:A0:D0: 63% | 90:14:AF:5F:A0:C0: 63% | 90:14:AF:5F:6A:E0: 57% | 90:14:AF:5F:BC:D0: 54% | 90:14:AF:5F:A0:E0: 51% | FC:11:65:DF:6E:90: 45% | 90:14:AF:5F:BC:C0: 45% | FC:11:65:DF:96:90: 42% | 90:14:AF:5F:BB:60: 39% | 90:14:AF:5F:7F:F0: 39% | 90:14:AF:5F:89:90: 33% | 90:14:AF:5F:1F:30: 27% | FC:11:65:DF:B1:A0: 24% | 90:14:AF:5E:EB:F0: 21% | 90:14:AF:5F:93:A0: 21% | FC:11:65:DE:FC:A0: 18% | 90:14:AF:5E:F5:D0: 9% | 90:14:AF:5E:E3:F0: 6%,"{""90:14:AF:5F:6C:70"": {""signal"": ""91%"", ""frequency"": ""5 GHz"", ""channel"": ""112""}, ""90:14:AF:5F:94:E0"": {""signal"": ""88%"", ""frequency"": ""2.4 GHz"", ""channel"": ""89 (34 %)""}, ""90:14:AF:5F:94:F0"": {""signal"": ""87%"", ""frequency"": ""5 GHz"", ""channel"": ""121 (47 %)""}, ""90:14:AF:5F:6C:60"": {""signal"": ""86%"", ""frequency"": ""2.4 GHz"", ""channel"": ""1""}, ""FC:11:65:DF:96:A0"": {""signal"": ""85%"", ""frequency"": ""5 GHz"", ""channel"": ""132""}, ""90:14:AF:5F:6D:00"": {""signal"": ""83%"", ""frequency"": ""2.4 GHz"", ""channel"": ""1""}, ""FC:11:65:DE:E9:90"": {""signal"": ""80%"", ""frequency"": ""2.4 GHz"", ""channel"": ""11""}, ""90:14:AF:5F:B1:00"": {""signal"": ""80%"", ""frequency"": ""2.4 GHz"", ""channel"": ""1""}, ""90:14:AF:5F:6D:10"": {""signal"": ""80%"", ""frequency"": ""5 GHz"", ""channel"": ""48""}, ""90:14:AF:5F:10:A0"": {""signal"": ""79%"", ""frequency"": ""2.4 GHz"", ""channel"": ""6""}, ""90:14:AF:5F:7F:E0"": {""signal"": ""78%"", ""frequency"": ""2.4 GHz"", ""channel"": ""1""}, ""FC:11:65:DF:CB:F0"": {""signal"": ""77%"", ""frequency"": ""2.4 GHz"", ""channel"": ""1""}, ""90:14:AF:5F:6C:00"": {""signal"": ""72%"", ""frequency"": ""2.4 GHz"", ""channel"": ""6""}, ""90:14:AF:5F:6A:00"": {""signal"": ""72%"", ""frequency"": ""2.4 GHz"", ""channel"": ""6""}, ""90:14:AF:5F:6C:10"": {""signal"": ""69%"", ""frequency"": ""5 GHz"", ""channel"": ""161""}, ""90:14:AF:5F:89:80"": {""signal"": ""69%"", ""frequency"": ""2.4 GHz"", ""channel"": ""11""}, ""90:14:AF:5F:A0:D0"": {""signal"": ""63%"", ""frequency"": ""5 GHz"", ""channel"": ""153""}, ""90:14:AF:5F:A0:C0"": {""signal"": ""63%"", ""frequency"": ""2.4 GHz"", ""channel"": ""11""}, ""90:14:AF:5F:6A:E0"": {""signal"": ""57%"", ""frequency"": ""2.4 GHz"", ""channel"": ""11""}, ""90:14:AF:5F:BC:D0"": {""signal"": ""54%"", ""frequency"": ""5 GHz"", ""channel"": ""149""}, ""90:14:AF:5F:A0:E0"": {""signal"": ""51%"", ""frequency"": ""2.4 GHz"", ""channel"": ""11""}, ""FC:11:65:DF:6E:90"": {""signal"": ""45%"", ""frequency"": ""2.4 GHz"", ""channel"": ""6""}, ""90:14:AF:5F:BC:C0"": {""signal"": ""45%"", ""frequency"": ""2.4 GHz"", ""channel"": ""11""}, ""FC:11:65:DF:96:90"": {""signal"": ""42%"", ""frequency"": ""2.4 GHz"", ""channel"": ""6""}, ""90:14:AF:5F:BB:60"": {""signal"": ""39%"", ""frequency"": ""2.4 GHz"", ""channel"": ""11""}, ""90:14:AF:5F:7F:F0"": {""signal"": ""39%"", ""frequency"": ""5 GHz"", ""channel"": ""64""}, ""90:14:AF:5F:89:90"": {""signal"": ""33%"", ""frequency"": ""5 GHz"", ""channel"": ""149""}, ""90:14:AF:5F:1F:30"": {""signal"": ""27%"", ""frequency"": ""5 GHz"", ""channel"": ""64""}, ""FC:11:65:DF:B1:A0"": {""signal"": ""24%"", ""frequency"": ""5 GHz"", ""channel"": ""112""}, ""90:14:AF:5E:EB:F0"": {""signal"": ""21%"", ""frequency"": ""5 GHz"", ""channel"": ""161""}, ""90:14:AF:5F:93:A0"": {""signal"": ""21%"", ""frequency"": ""2.4 GHz"", ""channel"": ""6""}, ""FC:11:65:DE:FC:A0"": {""signal"": ""18%"", ""frequency"": ""5 GHz"", ""channel"": ""64""}, ""90:14:AF:5E:F5:D0"": {""signal"": ""9%"", ""frequency"": ""5 GHz"", ""channel"": ""48""}, ""90:14:AF:5E:E3:F0"": {""signal"": ""6%"", ""frequency"": ""5 GHz"", ""channel"": ""149""}}",34,2026-09-08 18:19:12
211,90:14:AF:5F:6C:70: 91% | 90:14:AF:5F:94:E0: 88% | 90:14:AF:5F:94:F0: 87% | 90:14:AF:5F:6C:60: 86% | FC:11:65:DF:96:A0: 85% | 90:14:AF:5F:6D:00: 83% | FC:11:65:DE:E9:90: 80% | 90:14:AF:5F:B1:00: 80% | 90:14:AF:5F:6D:10: 80% | 90:14:AF:5F:7F:E0: 78% | FC:11:65:DF:CB:F0: 77% | 90:14:AF:5F:6C:00: 72% | 90:14:AF:5F:6C:10: 69% | 90:14:AF:5F:89:80: 69% | 90:14:AF:5F:A0:D0: 63% | 90:14:AF:5F:A0:C0: 63% | 90:14:AF:5F:6A:E0: 57% | 90:14:AF:5F:BC:D0: 54% | FC:11:65:DF:6E:90: 45% | FC:11:65:DF:96:90: 42% | 90:14:AF:5F:BB:60: 39% | 90:14:AF:5F:7F:F0: 39% | 90:14:AF:5F:89:90: 33% | 90:14:AF:5F:1F:30: 27% | 90:14:AF:5E:EB:F0: 21% | 90:14:AF:5F:93:A0: 21% | FC:11:65:DE:FC:A0: 18% | 90:14:AF:5E:F5:D0: 9% | 90:14:AF:5E:E3:F0: 6%,"{""90:14:AF:5F:6C:70"": {""signal"": ""91%"", ""frequency"": ""5 GHz"", ""channel"": ""112""}, ""90:14:AF:5F:94:E0"": {""signal"": ""88%"", ""frequency"": ""2.4 GHz"", ""channel"": ""89 (34 %)""}, ""90:14:AF:5F:94:F0"": {""signal"": ""87%"", ""frequency"": ""5 GHz"", ""channel"": ""121 (47 %)""}, ""90:14:AF:5F:6C:60"": {""signal"": ""86%"", ""frequency"": ""2.4 GHz"", ""channel"": ""1""}, ""FC:11:65:DF:96:A0"": {""signal"": ""85%"", ""frequency"": ""5 GHz"", ""channel"": ""132""}, ""90:14:AF:5F:6D:00"": {""signal"": ""83%"", ""frequency"": ""2.4 GHz"", ""channel"": ""1""}, ""FC:11:65:DE:E9:90"": {""signal"": ""80%"", ""frequency"": ""2.4 GHz"", ""channel"": ""11""}, ""90:14:AF:5F:B1:00"": {""signal"": ""80%"", ""frequency"": ""2.4 GHz"", ""channel"": ""1""}, ""90:14:AF:5F:6D:10"": {""signal"": ""80%"", ""frequency"": ""5 GHz"", ""channel"": ""48""}, ""90:14:AF:5F:7F:E0"": {""signal"": ""78%"", ""frequency"": ""2.4 GHz"", ""channel"": ""1""}, ""FC:11:65:DF:CB:F0"": {""signal"": ""77%"", ""frequency"": ""2.4 GHz"", ""channel"": ""1""}, ""90:14:AF:5F:6C:00"": {""signal"": ""72%"", ""frequency"": ""2.4 GHz"", ""channel"": ""6""}, ""90:14:AF:5F:6C:10"": {""signal"": ""69%"", ""frequency"": ""5 GHz"", ""channel"": ""161""}, ""90:14:AF:5F:89:80"": {""signal"": ""69%"", ""frequency"": ""2.4 GHz"", ""channel"": ""11""}, ""90:14:AF:5F:A0:D0"": {""signal"": ""63%"", ""frequency"": ""5 GHz"", ""channel"": ""153""}, ""90:14:AF:5F:A0:C0"": {""signal"": ""63%"", ""frequency"": ""2.4 GHz"", ""channel"": ""11""}, ""90:14:AF:5F:6A:E0"": {""signal"": ""57%"", ""frequency"": ""2.4 GHz"", ""channel"": ""11""}, ""90:14:AF:5F:BC:D0"": {""signal"": ""54%"", ""frequency"": ""5 GHz"", ""channel"": ""149""}, ""FC:11:65:DF:6E:90"": {""signal"": ""45%"", ""frequency"": ""2.4 GHz"", ""channel"": ""6""}, ""FC:11:65:DF:96:90"": {""signal"": ""42%"", ""frequency"": ""2.4 GHz"", ""channel"": ""6""}, ""90:14:AF:5F:BB:60"": {""signal"": ""39%"", ""frequency"": ""2.4 GHz"", ""channel"": ""11""}, ""90:14:AF:5F:7F:F0"": {""signal"": ""39%"", ""frequency"": ""5 GHz"", ""channel"": ""64""}, ""90:14:AF:5F:89:90"": {""signal"": ""33%"", ""frequency"": ""5 GHz"", ""channel"": ""149""}, ""90:14:AF:5F:1F:30"": {""signal"": ""27%"", ""frequency"": ""5 GHz"", ""channel"": ""64""}, ""90:14:AF:5E:EB:F0"": {""signal"": ""21%"", ""frequency"": ""5 GHz"", ""channel"": ""161""}, ""90:14:AF:5F:93:A0"": {""signal"": ""21%"", ""frequency"": ""2.4 GHz"", ""channel"": ""6""}, ""FC:11:65:DE:FC:A0"": {""signal"": ""18%"", ""frequency"": ""5 GHz"", ""channel"": ""64""}, ""90:14:AF:5E:F5:D0"": {""signal"": ""9%"", ""frequency"": ""5 GHz"", ""channel"": ""48""}, ""90:14:AF:5E:E3:F0"": {""signal"": ""6%"", ""frequency"": ""5 GHz"", ""channel"": ""149""}}",29,2026-09-08 18:19:39
211 B,90:14:AF:5F:6C:70: 91% | 90:14:AF:5F:94:E0: 88% | 90:14:AF:5F:94:F0: 87% | 90:14:AF:5F:6C:60: 86% | FC:11:65:DF:96:A0: 85% | 90:14:AF:5F:6D:00: 83% | FC:11:65:DE:E9:90: 80% | 90:14:AF:5F:B1:00: 80% | 90:14:AF:5F:6D:10: 80% | 90:14:AF:5F:7F:E0: 78% | FC:11:65:DF:CB:F0: 77% | 90:14:AF:5F:6C:00: 72% | 90:14:AF:5F:6C:10: 69% | 90:14:AF:5F:89:80: 69% | 90:14:AF:5F:A0:D0: 63% | 90:14:AF:5F:A0:C0: 63% | 90:14:AF:5F:6A:E0: 57% | 90:14:AF:5F:BC:D0: 54% | FC:11:65:DF:6E:90: 45% | FC:11:65:DF:96:90: 42% | 90:14:AF:5F:BB:60: 39% | 90:14:AF:5F:7F:F0: 39% | 90:14:AF:5F:89:90: 33% | 90:14:AF:5F:1F:30: 27% | 90:14:AF:5E:EB:F0: 21% | 90:14:AF:5F:93:A0: 21% | FC:11:65:DE:FC:A0: 18% | 90:14:AF:5E:F5:D0: 9% | 90:14:AF:5E:E3:F0: 6%,"{""90:14:AF:5F:6C:70"": {""signal"": ""91%"", ""frequency"": ""5 GHz"", ""channel"": ""112""}, ""90:14:AF:5F:94:E0"": {""signal"": ""88%"", ""frequency"": ""2.4 GHz"", ""channel"": ""89 (34 %)""}, ""90:14:AF:5F:94:F0"": {""signal"": ""87%"", ""frequency"": ""5 GHz"", ""channel"": ""121 (47 %)""}, ""90:14:AF:5F:6C:60"": {""signal"": ""86%"", ""frequency"": ""2.4 GHz"", ""channel"": ""1""}, ""FC:11:65:DF:96:A0"": {""signal"": ""85%"", ""frequency"": ""5 GHz"", ""channel"": ""132""}, ""90:14:AF:5F:6D:00"": {""signal"": ""83%"", ""frequency"": ""2.4 GHz"", ""channel"": ""1""}, ""FC:11:65:DE:E9:90"": {""signal"": ""80%"", ""frequency"": ""2.4 GHz"", ""channel"": ""11""}, ""90:14:AF:5F:B1:00"": {""signal"": ""80%"", ""frequency"": ""2.4 GHz"", ""channel"": ""1""}, ""90:14:AF:5F:6D:10"": {""signal"": ""80%"", ""frequency"": ""5 GHz"", ""channel"": ""48""}, ""90:14:AF:5F:7F:E0"": {""signal"": ""78%"", ""frequency"": ""2.4 GHz"", ""channel"": ""1""}, ""FC:11:65:DF:CB:F0"": {""signal"": ""77%"", ""frequency"": ""2.4 GHz"", ""channel"": ""1""}, ""90:14:AF:5F:6C:00"": {""signal"": ""72%"", ""frequency"": ""2.4 GHz"", ""channel"": ""6""}, ""90:14:AF:5F:6C:10"": {""signal"": ""69%"", ""frequency"": ""5 GHz"", ""channel"": ""161""}, ""90:14:AF:5F:89:80"": {""signal"": ""69%"", ""frequency"": ""2.4 GHz"", ""channel"": ""11""}, ""90:14:AF:5F:A0:D0"": {""signal"": ""63%"", ""frequency"": ""5 GHz"", ""channel"": ""153""}, ""90:14:AF:5F:A0:C0"": {""signal"": ""63%"", ""frequency"": ""2.4 GHz"", ""channel"": ""11""}, ""90:14:AF:5F:6A:E0"": {""signal"": ""57%"", ""frequency"": ""2.4 GHz"", ""channel"": ""11""}, ""90:14:AF:5F:BC:D0"": {""signal"": ""54%"", ""frequency"": ""5 GHz"", ""channel"": ""149""}, ""FC:11:65:DF:6E:90"": {""signal"": ""45%"", ""frequency"": ""2.4 GHz"", ""channel"": ""6""}, ""FC:11:65:DF:96:90"": {""signal"": ""42%"", ""frequency"": ""2.4 GHz"", ""channel"": ""6""}, ""90:14:AF:5F:BB:60"": {""signal"": ""39%"", ""frequency"": ""2.4 GHz"", ""channel"": ""11""}, ""90:14:AF:5F:7F:F0"": {""signal"": ""39%"", ""frequency"": ""5 GHz"", ""channel"": ""64""}, ""90:14:AF:5F:89:90"": {""signal"": ""33%"", ""frequency"": ""5 GHz"", ""channel"": ""149""}, ""90:14:AF:5F:1F:30"": {""signal"": ""27%"", ""frequency"": ""5 GHz"", ""channel"": ""64""}, ""90:14:AF:5E:EB:F0"": {""signal"": ""21%"", ""frequency"": ""5 GHz"", ""channel"": ""161""}, ""90:14:AF:5F:93:A0"": {""signal"": ""21%"", ""frequency"": ""2.4 GHz"", ""channel"": ""6""}, ""FC:11:65:DE:FC:A0"": {""signal"": ""18%"", ""frequency"": ""5 GHz"", ""channel"": ""64""}, ""90:14:AF:5E:F5:D0"": {""signal"": ""9%"", ""frequency"": ""5 GHz"", ""channel"": ""48""}, ""90:14:AF:5E:E3:F0"": {""signal"": ""6%"", ""frequency"": ""5 GHz"", ""channel"": ""149""}}",29,2026-09-08 18:19:54
220,FC:11:65:DE:E9:90: 90% | 90:14:AF:5F:6D:10: 89% | 90:14:AF:5F:94:E0: 88% | 90:14:AF:5F:6C:60: 86% | 90:14:AF:5F:B1:10: 84% | FC:11:65:DF:96:90: 83% | 90:14:AF:5F:6D:00: 83% | FC:11:65:DF:96:A0: 82% | 90:14:AF:5F:BC:D0: 82% | 90:14:AF:5F:BC:C0: 77% | FC:11:65:DF:CB:F0: 77% | 90:14:AF:5F:A0:D0: 75% | 90:14:AF:5F:6C:00: 72% | 90:14:AF:5F:6C:70: 69% | FC:11:65:DF:84:30: 69% | 90:14:AF:5F:6A:E0: 57% | 90:14:AF:5F:6A:00: 54% | 90:14:AF:5F:69:D0: 54% | 90:14:AF:5F:B6:20: 51% | 90:14:AF:5F:6C:10: 51% | 90:14:AF:5F:94:F0: 48% | FC:11:65:DF:6E:90: 45% | 90:14:AF:5F:BB:60: 39% | 90:14:AF:5F:7F:F0: 39% | FC:11:65:DF:B1:A0: 36% | FC:11:65:DE:FC:A0: 33% | 90:14:AF:5F:84:C0: 33% | 90:14:AF:5F:1F:30: 30% | 90:14:AF:5F:B1:00: 21% | 90:14:AF:5E:EB:F0: 21% | 90:14:AF:5F:BB:70: 18% | 90:14:AF:5F:A0:C0: 12% | 90:14:AF:5E:F5:D0: 9% | 90:14:AF:5E:E3:F0: 0%,"{""FC:11:65:DE:E9:90"": {""signal"": ""90%"", ""frequency"": ""2.4 GHz"", ""channel"": ""11""}, ""90:14:AF:5F:6D:10"": {""signal"": ""89%"", ""frequency"": ""5 GHz"", ""channel"": ""48""}, ""90:14:AF:5F:94:E0"": {""signal"": ""88%"", ""frequency"": ""2.4 GHz"", ""channel"": ""89 (34 %)""}, ""90:14:AF:5F:6C:60"": {""signal"": ""86%"", ""frequency"": ""2.4 GHz"", ""channel"": ""1""}, ""90:14:AF:5F:B1:10"": {""signal"": ""84%"", ""frequency"": ""5 GHz"", ""channel"": ""132""}, ""FC:11:65:DF:96:90"": {""signal"": ""83%"", ""frequency"": ""2.4 GHz"", ""channel"": ""6""}, ""90:14:AF:5F:6D:00"": {""signal"": ""83%"", ""frequency"": ""2.4 GHz"", ""channel"": ""1""}, ""FC:11:65:DF:96:A0"": {""signal"": ""82%"", ""frequency"": ""5 GHz"", ""channel"": ""132""}, ""90:14:AF:5F:BC:D0"": {""signal"": ""82%"", ""frequency"": ""5 GHz"", ""channel"": ""149""}, ""90:14:AF:5F:BC:C0"": {""signal"": ""77%"", ""frequency"": ""2.4 GHz"", ""channel"": ""11""}, ""FC:11:65:DF:CB:F0"": {""signal"": ""77%"", ""frequency"": ""2.4 GHz"", ""channel"": ""1""}, ""90:14:AF:5F:A0:D0"": {""signal"": ""75%"", ""frequency"": ""5 GHz"", ""channel"": ""153""}, ""90:14:AF:5F:6C:00"": {""signal"": ""72%"", ""frequency"": ""2.4 GHz"", ""channel"": ""6""}, ""90:14:AF:5F:6C:70"": {""signal"": ""69%"", ""frequency"": ""5 GHz"", ""channel"": ""112""}, ""FC:11:65:DF:84:30"": {""signal"": ""69%"", ""frequency"": ""2.4 GHz"", ""channel"": ""11""}, ""90:14:AF:5F:6A:E0"": {""signal"": ""57%"", ""frequency"": ""2.4 GHz"", ""channel"": ""11""}, ""90:14:AF:5F:6A:00"": {""signal"": ""54%"", ""frequency"": ""2.4 GHz"", ""channel"": ""6""}, ""90:14:AF:5F:69:D0"": {""signal"": ""54%"", ""frequency"": ""5 GHz"", ""channel"": ""64""}, ""90:14:AF:5F:B6:20"": {""signal"": ""51%"", ""frequency"": ""2.4 GHz"", ""channel"": ""6""}, ""90:14:AF:5F:6C:10"": {""signal"": ""51%"", ""frequency"": ""5 GHz"", ""channel"": ""161""}, ""90:14:AF:5F:94:F0"": {""signal"": ""48%"", ""frequency"": ""5 GHz"", ""channel"": ""118 (46 %)""}, ""FC:11:65:DF:6E:90"": {""signal"": ""45%"", ""frequency"": ""2.4 GHz"", ""channel"": ""6""}, ""90:14:AF:5F:BB:60"": {""signal"": ""39%"", ""frequency"": ""2.4 GHz"", ""channel"": ""11""}, ""90:14:AF:5F:7F:F0"": {""signal"": ""39%"", ""frequency"": ""5 GHz"", ""channel"": ""64""}, ""FC:11:65:DF:B1:A0"": {""signal"": ""36%"", ""frequency"": ""5 GHz"", ""channel"": ""112""}, ""FC:11:65:DE:FC:A0"": {""signal"": ""33%"", ""frequency"": ""5 GHz"", ""channel"": ""64""}, ""90:14:AF:5F:84:C0"": {""signal"": ""33%"", ""frequency"": ""2.4 GHz"", ""channel"": ""6""}, ""90:14:AF:5F:1F:30"": {""signal"": ""30%"", ""frequency"": ""5 GHz"", ""channel"": ""64""}, ""90:14:AF:5F:B1:00"": {""signal"": ""21%"", ""frequency"": ""2.4 GHz"", ""channel"": ""1""}, ""90:14:AF:5E:EB:F0"": {""signal"": ""21%"", ""frequency"": ""5 GHz"", ""channel"": ""161""}, ""90:14:AF:5F:BB:70"": {""signal"": ""18%"", ""frequency"": ""5 GHz"", ""channel"": ""64""}, ""90:14:AF:5F:A0:C0"": {""signal"": ""12%"", ""frequency"": ""2.4 GHz"", ""channel"": ""11""}, ""90:14:AF:5E:F5:D0"": {""signal"": ""9%"", ""frequency"": ""5 GHz"", ""channel"": ""48""}, ""90:14:AF:5E:E3:F0"": {""signal"": ""0%"", ""frequency"": ""5 GHz"", ""channel"": ""149""}}",34,2026-09-08 18:20:30
220 B,FC:11:65:DE:E9:90: 90% | 90:14:AF:5F:6D:10: 89% | 90:14:AF:5F:94:E0: 88% | 90:14:AF:5F:6C:60: 86% | 90:14:AF:5F:B1:10: 84% | FC:11:65:DF:96:90: 83% | 90:14:AF:5F:6D:00: 83% | FC:11:65:DF:96:A0: 82% | 90:14:AF:5F:BC:D0: 82% | 90:14:AF:5F:BC:C0: 77% | FC:11:65:DF:CB:F0: 77% | 90:14:AF:5F:A0:D0: 75% | 90:14:AF:5F:6C:00: 72% | 90:14:AF:5F:6C:70: 69% | FC:11:65:DF:84:30: 69% | 90:14:AF:5F:6A:E0: 57% | 90:14:AF:5F:6A:00: 54% | 90:14:AF:5F:69:D0: 54% | 90:14:AF:5F:B6:20: 51% | 90:14:AF:5F:6C:10: 51% | 90:14:AF:5F:94:F0: 48% | FC:11:65:DF:6E:90: 45% | 90:14:AF:5F:BB:60: 39% | 90:14:AF:5F:7F:F0: 39% | FC:11:65:DF:B1:A0: 36% | FC:11:65:DE:FC:A0: 33% | 90:14:AF:5F:84:C0: 33% | 90:14:AF:5F:1F:30: 30% | 90:14:AF:5F:B1:00: 21% | 90:14:AF:5E:EB:F0: 21% | 90:14:AF:5F:BB:70: 18% | 90:14:AF:5F:A0:C0: 12% | 90:14:AF:5E:F5:D0: 9% | 90:14:AF:5E:E3:F0: 0%,"{""FC:11:65:DE:E9:90"": {""signal"": ""90%"", ""frequency"": ""2.4 GHz"", ""channel"": ""11""}, ""90:14:AF:5F:6D:10"": {""signal"": ""89%"", ""frequency"": ""5 GHz"", ""channel"": ""48""}, ""90:14:AF:5F:94:E0"": {""signal"": ""88%"", ""frequency"": ""2.4 GHz"", ""channel"": ""89 (34 %)""}, ""90:14:AF:5F:6C:60"": {""signal"": ""86%"", ""frequency"": ""2.4 GHz"", ""channel"": ""1""}, ""90:14:AF:5F:B1:10"": {""signal"": ""84%"", ""frequency"": ""5 GHz"", ""channel"": ""132""}, ""FC:11:65:DF:96:90"": {""signal"": ""83%"", ""frequency"": ""2.4 GHz"", ""channel"": ""6""}, ""90:14:AF:5F:6D:00"": {""signal"": ""83%"", ""frequency"": ""2.4 GHz"", ""channel"": ""1""}, ""FC:11:65:DF:96:A0"": {""signal"": ""82%"", ""frequency"": ""5 GHz"", ""channel"": ""132""}, ""90:14:AF:5F:BC:D0"": {""signal"": ""82%"", ""frequency"": ""5 GHz"", ""channel"": ""149""}, ""90:14:AF:5F:BC:C0"": {""signal"": ""77%"", ""frequency"": ""2.4 GHz"", ""channel"": ""11""}, ""FC:11:65:DF:CB:F0"": {""signal"": ""77%"", ""frequency"": ""2.4 GHz"", ""channel"": ""1""}, ""90:14:AF:5F:A0:D0"": {""signal"": ""75%"", ""frequency"": ""5 GHz"", ""channel"": ""153""}, ""90:14:AF:5F:6C:00"": {""signal"": ""72%"", ""frequency"": ""2.4 GHz"", ""channel"": ""6""}, ""90:14:AF:5F:6C:70"": {""signal"": ""69%"", ""frequency"": ""5 GHz"", ""channel"": ""112""}, ""FC:11:65:DF:84:30"": {""signal"": ""69%"", ""frequency"": ""2.4 GHz"", ""channel"": ""11""}, ""90:14:AF:5F:6A:E0"": {""signal"": ""57%"", ""frequency"": ""2.4 GHz"", ""channel"": ""11""}, ""90:14:AF:5F:6A:00"": {""signal"": ""54%"", ""frequency"": ""2.4 GHz"", ""channel"": ""6""}, ""90:14:AF:5F:69:D0"": {""signal"": ""54%"", ""frequency"": ""5 GHz"", ""channel"": ""64""}, ""90:14:AF:5F:B6:20"": {""signal"": ""51%"", ""frequency"": ""2.4 GHz"", ""channel"": ""6""}, ""90:14:AF:5F:6C:10"": {""signal"": ""51%"", ""frequency"": ""5 GHz"", ""channel"": ""161""}, ""90:14:AF:5F:94:F0"": {""signal"": ""48%"", ""frequency"": ""5 GHz"", ""channel"": ""118 (46 %)""}, ""FC:11:65:DF:6E:90"": {""signal"": ""45%"", ""frequency"": ""2.4 GHz"", ""channel"": ""6""}, ""90:14:AF:5F:BB:60"": {""signal"": ""39%"", ""frequency"": ""2.4 GHz"", ""channel"": ""11""}, ""90:14:AF:5F:7F:F0"": {""signal"": ""39%"", ""frequency"": ""5 GHz"", ""channel"": ""64""}, ""FC:11:65:DF:B1:A0"": {""signal"": ""36%"", ""frequency"": ""5 GHz"", ""channel"": ""112""}, ""FC:11:65:DE:FC:A0"": {""signal"": ""33%"", ""frequency"": ""5 GHz"", ""channel"": ""64""}, ""90:14:AF:5F:84:C0"": {""signal"": ""33%"", ""frequency"": ""2.4 GHz"", ""channel"": ""6""}, ""90:14:AF:5F:1F:30"": {""signal"": ""30%"", ""frequency"": ""5 GHz"", ""channel"": ""64""}, ""90:14:AF:5F:B1:00"": {""signal"": ""21%"", ""frequency"": ""2.4 GHz"", ""channel"": ""1""}, ""90:14:AF:5E:EB:F0"": {""signal"": ""21%"", ""frequency"": ""5 GHz"", ""channel"": ""161""}, ""90:14:AF:5F:BB:70"": {""signal"": ""18%"", ""frequency"": ""5 GHz"", ""channel"": ""64""}, ""90:14:AF:5F:A0:C0"": {""signal"": ""12%"", ""frequency"": ""2.4 GHz"", ""channel"": ""11""}, ""90:14:AF:5E:F5:D0"": {""signal"": ""9%"", ""frequency"": ""5 GHz"", ""channel"": ""48""}, ""90:14:AF:5E:E3:F0"": {""signal"": ""0%"", ""frequency"": ""5 GHz"", ""channel"": ""149""}}",34,2026-09-08 18:20:47
212,90:14:AF:5F:A0:C0: 89% | 90:14:AF:5F:B2:10: 84% | FC:11:65:DF:6E:90: 84% | 90:14:AF:5F:B6:20: 84% | FC:11:65:DF:CB:F0: 83% | 90:14:AF:5F:7C:A0: 83% | FC:11:65:DE:FC:A0: 81% | 90:14:AF:5F:6A:E0: 80% | FC:11:65:DE:FA:10: 80% | 90:14:AF:5F:1F:20: 80% | 90:14:AF:5F:C5:00: 79% | 90:14:AF:5E:E3:E0: 79% | FC:11:65:DE:E9:90: 79% | 90:14:AF:5F:97:00: 79% | 90:14:AF:5F:10:A0: 79% | 90:14:AF:5F:80:10: 77% | FC:11:65:DE:FA:20: 77% | 90:14:AF:5F:88:A0: 77% | 90:14:AF:5F:BB:E0: 76% | 90:14:AF:5E:EB:E0: 76% | 90:14:AF:5F:81:60: 76% | FC:11:65:DF:B1:90: 75% | 90:14:AF:5F:84:C0: 75% | 90:14:AF:5F:B2:00: 72% | 90:14:AF:5F:6D:20: 72% | FC:11:65:DF:84:30: 69% | 90:14:AF:5F:B1:10: 69% | FC:11:65:DF:79:A0: 66% | 90:14:AF:5F:9A:C0: 66% | 90:14:AF:5F:9B:C0: 66% | 90:14:AF:5F:6C:00: 66% | FC:11:65:DF:96:90: 63% | 90:14:AF:5F:6A:00: 63% | 90:14:AF:5E:EB:A0: 63% | 90:14:AF:5F:BC:C0: 63% | 90:14:AF:5E:E3:F0: 63% | 90:14:AF:5F:BC:D0: 63% | 90:14:AF:5F:87:00: 63% | 90:14:AF:5F:7D:C0: 60% | 90:14:AF:5F:BB:60: 60% | 90:14:AF:5F:C5:10: 57% | FC:11:65:DF:A6:B0: 57% | 90:14:AF:5F:76:80: 57% | 90:14:AF:5F:7A:40: 57% | 90:14:AF:5F:B8:90: 57% | 90:14:AF:5F:BB:F0: 54% | 90:14:AF:5E:D9:60: 54% | 90:14:AF:5F:8E:60: 54% | 90:14:AF:5E:E4:C0: 54% | 90:14:AF:5F:B1:00: 54% | 90:14:AF:5F:6C:60: 51% | 90:14:AF:5F:7A:50: 51% | FC:11:65:DF:B1:A0: 51% | 90:14:AF:5F:9B:D0: 51% | 90:14:AF:5E:EB:F0: 48% | 90:14:AF:5F:9D:90: 48% | FC:11:65:DE:FC:90: 45% | 90:14:AF:5E:CF:A0: 45% | 90:14:AF:5F:B8:80: 45% | 90:14:AF:5F:AF:B0: 45% | 90:14:AF:5F:84:D0: 45% | 90:14:AF:5F:94:E0: 42% | FC:11:65:DF:78:E0: 39% | 90:14:AF:5F:69:C0: 39% | 90:14:AF:5F:9D:80: 39% | 90:14:AF:5F:A0:D0: 33% | FC:11:65:DF:CC:00: 30% | 90:14:AF:5E:F5:D0: 27% | 90:14:AF:5F:10:B0: 27% | 90:14:AF:5E:CF:B0: 24% | 90:14:AF:5F:94:F0: 21% | FC:11:65:DF:96:A0: 21% | 90:14:AF:5F:6D:10: 21% | 90:14:AF:5F:6C:70: 18% | 90:14:AF:5F:1F:30: 18% | FC:11:65:DF:CC:C0: 15% | 90:14:AF:5F:69:D0: 12% | 90:14:AF:5F:BB:70: 12% | 90:14:AF:5F:15:70: 12% | 90:14:AF:5F:6C:10: 12% | 90:14:AF:5F:6D:00: 12% | 90:14:AF:5E:EB:B0: 9% | 90:14:AF:5F:80:00: 9% | 90:14:AF:5F:76:90: 3%,"{""90:14:AF:5F:A0:C0"": {""signal"": ""89%"", ""frequency"": ""2.4 GHz"", ""channel"": ""11""}, ""90:14:AF:5F:B2:10"": {""signal"": ""84%"", ""frequency"": ""5 GHz"", ""channel"": ""136""}, ""FC:11:65:DF:6E:90"": {""signal"": ""84%"", ""frequency"": ""2.4 GHz"", ""channel"": ""6""}, ""90:14:AF:5F:B6:20"": {""signal"": ""84%"", ""frequency"": ""2.4 GHz"", ""channel"": ""6""}, ""FC:11:65:DF:CB:F0"": {""signal"": ""83%"", ""frequency"": ""2.4 GHz"", ""channel"": ""1""}, ""90:14:AF:5F:7C:A0"": {""signal"": ""83%"", ""frequency"": ""2.4 GHz"", ""channel"": ""11""}, ""FC:11:65:DE:FC:A0"": {""signal"": ""81%"", ""frequency"": ""5 GHz"", ""channel"": ""64""}, ""90:14:AF:5F:6A:E0"": {""signal"": ""80%"", ""frequency"": ""2.4 GHz"", ""channel"": ""11""}, ""FC:11:65:DE:FA:10"": {""signal"": ""80%"", ""frequency"": ""2.4 GHz"", ""channel"": ""1""}, ""90:14:AF:5F:1F:20"": {""signal"": ""80%"", ""frequency"": ""2.4 GHz"", ""channel"": ""1""}, ""90:14:AF:5F:C5:00"": {""signal"": ""79%"", ""frequency"": ""2.4 GHz"", ""channel"": ""1""}, ""90:14:AF:5E:E3:E0"": {""signal"": ""79%"", ""frequency"": ""2.4 GHz"", ""channel"": ""1""}, ""FC:11:65:DE:E9:90"": {""signal"": ""79%"", ""frequency"": ""2.4 GHz"", ""channel"": ""11""}, ""90:14:AF:5F:97:00"": {""signal"": ""79%"", ""frequency"": ""2.4 GHz"", ""channel"": ""11""}, ""90:14:AF:5F:10:A0"": {""signal"": ""79%"", ""frequency"": ""2.4 GHz"", ""channel"": ""6""}, ""90:14:AF:5F:80:10"": {""signal"": ""77%"", ""frequency"": ""5 GHz"", ""channel"": ""112""}, ""FC:11:65:DE:FA:20"": {""signal"": ""77%"", ""frequency"": ""5 GHz"", ""channel"": ""132""}, ""90:14:AF:5F:88:A0"": {""signal"": ""77%"", ""frequency"": ""2.4 GHz"", ""channel"": ""6""}, ""90:14:AF:5F:BB:E0"": {""signal"": ""76%"", ""frequency"": ""2.4 GHz"", ""channel"": ""1""}, ""90:14:AF:5E:EB:E0"": {""signal"": ""76%"", ""frequency"": ""2.4 GHz"", ""channel"": ""1""}, ""90:14:AF:5F:81:60"": {""signal"": ""76%"", ""frequency"": ""2.4 GHz"", ""channel"": ""11""}, ""FC:11:65:DF:B1:90"": {""signal"": ""75%"", ""frequency"": ""2.4 GHz"", ""channel"": ""1""}, ""90:14:AF:5F:84:C0"": {""signal"": ""75%"", ""frequency"": ""2.4 GHz"", ""channel"": ""6""}, ""90:14:AF:5F:B2:00"": {""signal"": ""72%"", ""frequency"": ""2.4 GHz"", ""channel"": ""11""}, ""90:14:AF:5F:6D:20"": {""signal"": ""72%"", ""frequency"": ""2.4 GHz"", ""channel"": ""1""}, ""FC:11:65:DF:84:30"": {""signal"": ""69%"", ""frequency"": ""2.4 GHz"", ""channel"": ""11""}, ""90:14:AF:5F:B1:10"": {""signal"": ""69%"", ""frequency"": ""5 GHz"", ""channel"": ""132""}, ""FC:11:65:DF:79:A0"": {""signal"": ""66%"", ""frequency"": ""5 GHz"", ""channel"": ""36""}, ""90:14:AF:5F:9A:C0"": {""signal"": ""66%"", ""frequency"": ""2.4 GHz"", ""channel"": ""1""}, ""90:14:AF:5F:9B:C0"": {""signal"": ""66%"", ""frequency"": ""2.4 GHz"", ""channel"": ""6""}, ""90:14:AF:5F:6C:00"": {""signal"": ""66%"", ""frequency"": ""2.4 GHz"", ""channel"": ""6""}, ""FC:11:65:DF:96:90"": {""signal"": ""63%"", ""frequency"": ""2.4 GHz"", ""channel"": ""6""}, ""90:14:AF:5F:6A:00"": {""signal"": ""63%"", ""frequency"": ""2.4 GHz"", ""channel"": ""6""}, ""90:14:AF:5E:EB:A0"": {""signal"": ""63%"", ""frequency"": ""2.4 GHz"", ""channel"": ""1""}, ""90:14:AF:5F:BC:C0"": {""signal"": ""63%"", ""frequency"": ""2.4 GHz"", ""channel"": ""11""}, ""90:14:AF:5E:E3:F0"": {""signal"": ""63%"", ""frequency"": ""5 GHz"", ""channel"": ""149""}, ""90:14:AF:5F:BC:D0"": {""signal"": ""63%"", ""frequency"": ""5 GHz"", ""channel"": ""149""}, ""90:14:AF:5F:87:00"": {""signal"": ""63%"", ""frequency"": ""2.4 GHz"", ""channel"": ""6""}, ""90:14:AF:5F:7D:C0"": {""signal"": ""60%"", ""frequency"": ""2.4 GHz"", ""channel"": ""6""}, ""90:14:AF:5F:BB:60"": {""signal"": ""60%"", ""frequency"": ""2.4 GHz"", ""channel"": ""11""}, ""90:14:AF:5F:C5:10"": {""signal"": ""57%"", ""frequency"": ""5 GHz"", ""channel"": ""60""}, ""FC:11:65:DF:A6:B0"": {""signal"": ""57%"", ""frequency"": ""2.4 GHz"", ""channel"": ""6""}, ""90:14:AF:5F:76:80"": {""signal"": ""57%"", ""frequency"": ""2.4 GHz"", ""channel"": ""1""}, ""90:14:AF:5F:7A:40"": {""signal"": ""57%"", ""frequency"": ""2.4 GHz"", ""channel"": ""11""}, ""90:14:AF:5F:B8:90"": {""signal"": ""57%"", ""frequency"": ""5 GHz"", ""channel"": ""157""}, ""90:14:AF:5F:BB:F0"": {""signal"": ""54%"", ""frequency"": ""5 GHz"", ""channel"": ""64""}, ""90:14:AF:5E:D9:60"": {""signal"": ""54%"", ""frequency"": ""2.4 GHz"", ""channel"": ""6""}, ""90:14:AF:5F:8E:60"": {""signal"": ""54%"", ""frequency"": ""2.4 GHz"", ""channel"": ""6""}, ""90:14:AF:5E:E4:C0"": {""signal"": ""54%"", ""frequency"": ""2.4 GHz"", ""channel"": ""6""}, ""90:14:AF:5F:B1:00"": {""signal"": ""54%"", ""frequency"": ""2.4 GHz"", ""channel"": ""1""}, ""90:14:AF:5F:6C:60"": {""signal"": ""51%"", ""frequency"": ""2.4 GHz"", ""channel"": ""1""}, ""90:14:AF:5F:7A:50"": {""signal"": ""51%"", ""frequency"": ""5 GHz"", ""channel"": ""60""}, ""FC:11:65:DF:B1:A0"": {""signal"": ""51%"", ""frequency"": ""5 GHz"", ""channel"": ""112""}, ""90:14:AF:5F:9B:D0"": {""signal"": ""51%"", ""frequency"": ""5 GHz"", ""channel"": ""48""}, ""90:14:AF:5E:EB:F0"": {""signal"": ""48%"", ""frequency"": ""5 GHz"", ""channel"": ""161""}, ""90:14:AF:5F:9D:90"": {""signal"": ""48%"", ""frequency"": ""5 GHz"", ""channel"": ""153""}, ""FC:11:65:DE:FC:90"": {""signal"": ""45%"", ""frequency"": ""2.4 GHz"", ""channel"": ""11""}, ""90:14:AF:5E:CF:A0"": {""signal"": ""45%"", ""frequency"": ""2.4 GHz"", ""channel"": ""6""}, ""90:14:AF:5F:B8:80"": {""signal"": ""45%"", ""frequency"": ""2.4 GHz"", ""channel"": ""11""}, ""90:14:AF:5F:AF:B0"": {""signal"": ""45%"", ""frequency"": ""5 GHz"", ""channel"": ""149""}, ""90:14:AF:5F:84:D0"": {""signal"": ""45%"", ""frequency"": ""5 GHz"", ""channel"": ""48""}, ""90:14:AF:5F:94:E0"": {""signal"": ""42%"", ""frequency"": ""2.4 GHz"", ""channel"": ""118 (46 %)""}, ""FC:11:65:DF:78:E0"": {""signal"": ""39%"", ""frequency"": ""5 GHz"", ""channel"": ""40""}, ""90:14:AF:5F:69:C0"": {""signal"": ""39%"", ""frequency"": ""2.4 GHz"", ""channel"": ""6""}, ""90:14:AF:5F:9D:80"": {""signal"": ""39%"", ""frequency"": ""2.4 GHz"", ""channel"": ""11""}, ""90:14:AF:5F:A0:D0"": {""signal"": ""33%"", ""frequency"": ""5 GHz"", ""channel"": ""153""}, ""FC:11:65:DF:CC:00"": {""signal"": ""30%"", ""frequency"": ""5 GHz"", ""channel"": ""136""}, ""90:14:AF:5E:F5:D0"": {""signal"": ""27%"", ""frequency"": ""5 GHz"", ""channel"": ""48""}, ""90:14:AF:5F:10:B0"": {""signal"": ""27%"", ""frequency"": ""5 GHz"", ""channel"": ""161""}, ""90:14:AF:5E:CF:B0"": {""signal"": ""24%"", ""frequency"": ""5 GHz"", ""channel"": ""64""}, ""90:14:AF:5F:94:F0"": {""signal"": ""21%"", ""frequency"": ""5 GHz"", ""channel"": ""81 (31 %)""}, ""FC:11:65:DF:96:A0"": {""signal"": ""21%"", ""frequency"": ""5 GHz"", ""channel"": ""132""}, ""90:14:AF:5F:6D:10"": {""signal"": ""21%"", ""frequency"": ""5 GHz"", ""channel"": ""48""}, ""90:14:AF:5F:6C:70"": {""signal"": ""18%"", ""frequency"": ""5 GHz"", ""channel"": ""112""}, ""90:14:AF:5F:1F:30"": {""signal"": ""18%"", ""frequency"": ""5 GHz"", ""channel"": ""64""}, ""FC:11:65:DF:CC:C0"": {""signal"": ""15%"", ""frequency"": ""5 GHz"", ""channel"": ""52""}, ""90:14:AF:5F:69:D0"": {""signal"": ""12%"", ""frequency"": ""5 GHz"", ""channel"": ""64""}, ""90:14:AF:5F:BB:70"": {""signal"": ""12%"", ""frequency"": ""5 GHz"", ""channel"": ""64""}, ""90:14:AF:5F:15:70"": {""signal"": ""12%"", ""frequency"": ""5 GHz"", ""channel"": ""64""}, ""90:14:AF:5F:6C:10"": {""signal"": ""12%"", ""frequency"": ""5 GHz"", ""channel"": ""161""}, ""90:14:AF:5F:6D:00"": {""signal"": ""12%"", ""frequency"": ""2.4 GHz"", ""channel"": ""1""}, ""90:14:AF:5E:EB:B0"": {""signal"": ""9%"", ""frequency"": ""5 GHz"", ""channel"": ""136""}, ""90:14:AF:5F:80:00"": {""signal"": ""9%"", ""frequency"": ""2.4 GHz"", ""channel"": ""11""}, ""90:14:AF:5F:76:90"": {""signal"": ""3%"", ""frequency"": ""5 GHz"", ""channel"": ""161""}}",84,2026-09-08 18:21:53
